판매소명,시도명,시군구명,소재지도로명주소,소재지지번주소,위도,경도,사업자등록번호,대형폐기물스티커판매여부,영업상태명,전화번호,지정일자,폐업일자,관리기관명,데이터기준일자
빅세일마트 동국점,부산광역시,해운대구,"부산광역시 해운대구 재송2로 91 (재송동, 센텀동국아파트) 빅세일마트동국점",부산광역시 해운대구 재송동 1182-1 센텀동국아파트,,,874-74-00095,N,영업,051-782-6442,2016-07-12,,부산광역시 해운대구,2026-01-09
(재)아름다운가게 해운대점,부산광역시,해운대구,"부산광역시 해운대구 해운대로 637, 현대빌딩1층",부산광역시 해운대구 우동 553-4,,,617-82-08960,N,영업,051-747-8701,2021-04-29,,부산광역시 해운대구,2026-01-09
(주)만복유통 반송지점,부산광역시,해운대구,부산광역시 해운대구 윗반송로35번길 68 (반송동) 농심가 윗반송점,부산광역시 해운대구 반송동 40-808,,,674-85-00905,N,영업,051-543-3358,2018-12-17,,부산광역시 해운대구,2026-01-09
(주)미진유통,부산광역시,해운대구,부산광역시 해운대구 재반로 176,부산광역시 해운대구 재송동 1150-7,,,000-00-00000,N,영업,051-782-2270,2017-05-16,,부산광역시 해운대구,2026-01-09
(주)부민두배로마트,부산광역시,해운대구,부산광역시 해운대구 해운대로594번길 5(우1동),부산광역시 해운대구 우동 639-9,,,102-15-52297,N,영업,051-747-9087,2020-06-18,,부산광역시 해운대구,2026-01-09
(주)서원유통 탑마트 반여점,부산광역시,해운대구,부산광역시 해운대구 선수촌로119,부산광역시 해운대구 반여동 1217-5,,,164-85-00238,N,영업,051-525-0422,2017-05-16,,부산광역시 해운대구,2026-01-09
(주)서원유통탑마트 반송점,부산광역시,해운대구,부산광역시 해운대구 윗반송로8,부산광역시 해운대구 반송동 278-1 반송동탑마트,,,116-85-09827,N,영업,051-545-3217,2017-05-16,,부산광역시 해운대구,2026-01-09
(주)서원유통탑마트 해운대점,부산광역시,해운대구,부산광역시 해운대구 중동2로 12(중동),부산광역시 해운대구 중동 1372-6,,,000-00-00000,N,영업,051-704-9009,2017-05-16,,부산광역시 해운대구,2026-01-09
(주)신세계 센텀시티점,부산광역시,해운대구,부산광역시 해운대구 센텀남대로 35,부산광역시 해운대구 우동 1495,,,201-81-32195,N,영업,051-745-1041,2018-10-15,,부산광역시 해운대구,2026-01-09
(주)에이치에스엠쉬핑 센텀25,부산광역시,해운대구,부산광역시 해운대구 센텀중앙로 97 (재송동) A동 C-104호,부산광역시 해운대구 재송동 1208-2 센텀스카이비즈,,,605-81-97105,N,영업,000-000-0000,2025-12-04,,부산광역시 해운대구,2026-01-09
(주)이마트에브리데이부산반여점,부산광역시,해운대구,부산광역시 해운대구 선수촌로 65-7 (반여동) 외3필지,부산광역시 해운대구 반여동 1440-11,,,206-86-50913,N,영업,000-000-0000,2024-02-14,,부산광역시 해운대구,2026-01-09
(주)이마트해운대점,부산광역시,해운대구,부산광역시 해운대구 좌동순환로 511 (중동) 이마트해운대점,부산광역시 해운대구 중동 1767 이마트해운대점,,,206-86-50913,N,영업,051-608-1054,2017-05-16,,부산광역시 해운대구,2026-01-09
(주)코리아세븐 부산반송그린점,부산광역시,해운대구,"부산광역시 해운대구 신반송로 102 (반송동, 삼한그린타운2차) 상가 제213동 지하101,102,103호",부산광역시 해운대구 반송동 872 삼한그린타운2차,,,450-85-00629,N,영업,000-000-0000,2018-03-07,,부산광역시 해운대구,2026-01-09
(주)코리아세븐 부산반여센텀점,부산광역시,해운대구,"부산광역시 해운대구 선수촌로 95 (반여동, 센텀대림아파트) 제상가13동 제1층 101,102,103호",부산광역시 해운대구 반여동 1199-11 센텀대림아파트,,,428-85-02197,N,영업,051-513-4834,2023-03-27,,부산광역시 해운대구,2026-01-09
(주)코리아세븐 부산반여양지점,부산광역시,해운대구,부산광역시 해운대구 재반로256번길 29-13 (반여동) 1층 전체,부산광역시 해운대구 반여동 1592-13,,,395-85-02145,N,영업,051-513-4850,2023-03-22,,부산광역시 해운대구,2026-01-09
(주)코리아세븐 부산윗반송점,부산광역시,해운대구,부산광역시 해운대구 윗반송로51번길 186 (반송동) 1층,부산광역시 해운대구 반송동 7-197,,,254-85-01791,N,영업,051-544-0327,2021-12-16,,부산광역시 해운대구,2026-01-09
(주)코리아세븐 부산좌동중앙점,부산광역시,해운대구,부산광역시 해운대구 세실로69번길 11 (좌동) 1층 코너(부분),부산광역시 해운대구 좌동 1465-1,,,891-85-01251,N,영업,000-000-0000,2022-11-02,,부산광역시 해운대구,2026-01-09
(주)코리아세븐 센텀대림점,부산광역시,해운대구,부산광역시 해운대구 해운대로76번길 58 (재송동),부산광역시 해운대구 재송동 939-23,,,607-85-40931,N,영업,000-000-0000,2025-01-07,,부산광역시 해운대구,2026-01-09
(주)코리아세븐 송정그린웨이점,부산광역시,해운대구,부산광역시 해운대구 해운대로 1140-17 (송정동),부산광역시 해운대구 송정동 127-13,,,641-85-02413,N,영업,000-000-0000,2017-12-01,,부산광역시 해운대구,2026-01-09
(주)코리아세븐 재송중앙점,부산광역시,해운대구,부산광역시 해운대구 재송1로32번길 3 (재송동) 스마트빌딩주건축물제1동 1층(부분),부산광역시 해운대구 재송동 1077-1,,,316-85-08980,N,영업,000-000-0000,2023-03-09,,부산광역시 해운대구,2026-01-09
(주)코리아세븐부산신송정해변점,부산광역시,해운대구,부산광역시 해운대구 송정중앙로6번길 118 (송정동) 주건축물 제1동,부산광역시 해운대구 송정동 312-8,,,532-85-02410,N,영업,000-000-0000,2024-01-15,,부산광역시 해운대구,2026-01-09
(주)코리아세븐부산해운대팔레드,부산광역시,해운대구,부산광역시 해운대구 해운대해변로298번길 24 (중동) 상가1-31호,부산광역시 해운대구 중동 1124-2 팔레드시즈,,,410-85-54092,N,영업,000-000-0000,2024-03-27,,부산광역시 해운대구,2026-01-09
CU 우동뉴스타점,부산광역시,해운대구,부산광역시 해운대구 우동3로 11번길 3,부산광역시 해운대구 우동 196-4,,,218-23-08499,N,영업,000-000-0000,2017-02-07,,부산광역시 해운대구,2026-01-09
CU 해운대비치점,부산광역시,해운대구,"부산광역시 해운대구 구남로18번길 24, 102호, 해운대비치o/t",부산광역시 해운대구 우동 541-6,,,000-00-00000,N,영업,000-000-0000,2017-05-16,,부산광역시 해운대구,2026-01-09
cu중동로데오점,부산광역시,해운대구,부산광역시 해운대구 좌동순환로473,부산광역시 해운대구 중동 1775-7,,,000-00-00000,N,영업,000-000-0000,2016-01-19,,부산광역시 해운대구,2026-01-09
CU편의점(온누리점),부산광역시,해운대구,"부산광역시 해운대구 좌동순환로 80, 1층",부산광역시 해운대구 좌동 1270-1,,,674-24-00340,N,영업,051-743-3370,2017-11-03,,부산광역시 해운대구,2026-01-09
CU해운대 솔밭예술마을점,부산광역시,해운대구,부산광역시 해운대구 중동1로17번길 15-7 101호,부산광역시 해운대구 우동 598-4 해운대파크에비뉴,,,209-30-42680,N,영업,051-747-2159,2017-02-01,,부산광역시 해운대구,2026-01-09
DC 클럽,부산광역시,해운대구,부산광역시 해운대구 재반로 83 화성빌딩 지하,부산광역시 해운대구 재송동 1089-8,,,617-23-21952,N,영업,051-782-5483,2019-02-11,,부산광역시 해운대구,2026-01-09
GS25 더샵센텀스타점,부산광역시,해운대구,"부산광역시 해운대구 센텀동로 123,14호",부산광역시 해운대구 재송동 1196,,,885-15-00574,N,영업,051-782-3350,2021-04-23,,부산광역시 해운대구,2026-01-09
GS25 반여대우점,부산광역시,해운대구,부산광역시 해운대구 선수촌로 41,부산광역시 해운대구 반여동 1405-55,,,158-16-01158,N,영업,000-000-0000,2022-10-27,,부산광역시 해운대구,2026-01-09
GS25 반여현대점,부산광역시,해운대구,"부산광역시 해운대구 재반로282번길 112 (반여동, 현대아파트) 상가7동 101호",부산광역시 해운대구 반여동 1581-6,,,428-24-01784,N,영업,000-000-0000,2023-12-13,,부산광역시 해운대구,2026-01-09
GS25 베르나움점,부산광역시,해운대구,"부산광역시 해운대구 양운로 45 (좌동) 1층 106호, 107호",부산광역시 해운대구 좌동 1476-1,,,617-37-39352,N,영업,000-000-0000,2025-01-02,,부산광역시 해운대구,2026-01-09
GS25 부흥사거리,부산광역시,해운대구,"부산광역시 해운대구 좌동순환로 237, 102호(좌4동, 세실빌딩)",부산광역시 해운대구 좌동 1429-6,,,384-25-01235,N,영업,051-704-0376,2020-11-06,,부산광역시 해운대구,2026-01-09
GS25 센텀글로리아점,부산광역시,해운대구,부산광역시 해운대구 재송2로 74번길 23,부산광역시 해운대구 재송동 1162-21,,,806-01-01312,N,영업,051-781-2244,2018-12-26,,부산광역시 해운대구,2026-01-09
GS25 센텀삼익점,부산광역시,해운대구,"부산광역시 해운대구 해운대로61번가길 6 (재송동, 센텀삼익아파트) 상가동 103105호",부산광역시 해운대구 재송동 1023,,,540-43-01085,N,영업,000-000-0000,2023-10-31,,부산광역시 해운대구,2026-01-09
GS25 센텀현대점,부산광역시,해운대구,부산광역시 해운대구 해운대로469번길 190,부산광역시 해운대구 우동 1102-221,,,645-03-01180,N,영업,051-741-7410,2019-02-12,,부산광역시 해운대구,2026-01-09
GS25 송정강변점,부산광역시,해운대구,"부산광역시 해운대구 송정강변로 51 (송정동, 태림그린빌) 102호",부산광역시 해운대구 송정동 183-17,,,684-65-00618,N,영업,000-000-0000,2023-11-27,,부산광역시 해운대구,2026-01-09
GS25 송정프리미엄,부산광역시,해운대구,"부산광역시 해운대구 송정해변로 40 (송정동) 1,2층",부산광역시 해운대구 송정동 297-66,,,143-11-02882,N,영업,000-000-0000,2023-06-26,,부산광역시 해운대구,2026-01-09
GS25 재송원룸점,부산광역시,해운대구,부산광역시 해운대구 재반로42번길22 1동,부산광역시 해운대구 재송동 115-11,,,514-75-00055,N,영업,000-000-0000,2018-01-19,,부산광역시 해운대구,2026-01-09
GS25 재송재반로점,부산광역시,해운대구,"부산광역시 해운대구 재반로107, 1층 3호",부산광역시 해운대구 재송동 1061-6,,,552-28-01315,N,영업,000-000-0000,2022-10-26,,부산광역시 해운대구,2026-01-09
GS25 좌동코오롱점,부산광역시,해운대구,부산광역시 해운대구 대천로 38 (중동) 201호(중동),부산광역시 해운대구 중동 142-8,,,227-21-62265,N,영업,000-000-0000,2025-10-31,,부산광역시 해운대구,2026-01-09
GS25 청사포점,부산광역시,해운대구,"부산광역시 해운대구 청사포로128번길 6, 1층",부산광역시 해운대구 중동 577,,,180-32-00670,N,영업,000-000-0000,2019-05-31,,부산광역시 해운대구,2026-01-09
GS25 트럼프월드점,부산광역시,해운대구,"부산광역시 해운대구 센텀동로 9 (우동, 트럼프월드센텀아파트) 106호",부산광역시 해운대구 우동 1498,,,395-29-01325,N,영업,000-000-0000,2023-08-29,,부산광역시 해운대구,2026-01-09
GS25 해운대영남점,부산광역시,해운대구,"부산광역시 해운대구 좌동순환로311번길 8, 상가108동 108호~109호(좌동)",부산광역시 해운대구 좌동 1328,,,811-59-00709,N,영업,000-000-0000,2023-04-14,,부산광역시 해운대구,2026-01-09
GS25 해운대자이점,부산광역시,해운대구,부산광역시 해운대구 해운대구 해운대로 435,부산광역시 해운대구 우동 1529,,,812-30-01340,N,영업,000-000-0000,2017-03-21,,부산광역시 해운대구,2026-01-09
GS25 해운대투모로우점,부산광역시,해운대구,"부산광역시 해운대구 양운로 53 (좌동) 113호, 114호",부산광역시 해운대구 좌동 1475-3,,,617-37-40408,N,영업,000-000-0000,2025-01-02,,부산광역시 해운대구,2026-01-09
GS25 해운레미안점,부산광역시,해운대구,"부산광역시 해운대구 좌동순환로412번길 5, 1층",부산광역시 해운대구 중동 778-17,,,457-23-00205,N,영업,000-000-0000,2018-06-28,,부산광역시 해운대구,2026-01-09
GS25 해운마린시티,부산광역시,해운대구,"부산광역시 해운대구 마린시티3로 23, 1층 101-A, 102호",부산광역시 해운대구 우동 1435,,,114-17-09346,N,영업,000-000-0000,2023-02-02,,부산광역시 해운대구,2026-01-09
GS25 해운스카이점,부산광역시,해운대구,부산광역시 해운대구 재반로152번길 8-7,부산광역시 해운대구 재송동 1146-47,,,255-05-01657,N,영업,000-000-0000,2022-09-16,,부산광역시 해운대구,2026-01-09
GS25 해운주성점,부산광역시,해운대구,"부산광역시 해운대구 세실로27번길 17,101호(좌동, 주성프라자)",부산광역시 해운대구 좌동 1483-1,,,796-14-02066,N,영업,000-000-0000,2018-10-23,,부산광역시 해운대구,2026-01-09
GS25 해운중동역점,부산광역시,해운대구,부산광역시 해운대구 좌동순환로 5 (중동) 101동 105호,부산광역시 해운대구 중동 1754-3,,,681-40-01390,N,영업,000-000-0000,2025-09-09,,부산광역시 해운대구,2026-01-09
GS25반송하늘점,부산광역시,해운대구,"부산광역시 해운대구 아랫반송로29번길 92, 1층",부산광역시 해운대구 반송동 250-267,,,580-85-00857,N,영업,051-544-0011,2020-11-02,,부산광역시 해운대구,2026-01-09
GS25반여네오점,부산광역시,해운대구,"부산광역시 해운대구 선수촌로 124, 104호",부산광역시 해운대구 반여동 1631,,,000-00-00000,N,영업,051-527-9956,2017-10-26,,부산광역시 해운대구,2026-01-09
GS25반여선수촌로점,부산광역시,해운대구,부산광역시 해운대구 선수촌로 119,부산광역시 해운대구 반여동 1217-5,,,617-35-53971,N,영업,000-000-0000,2016-08-05,,부산광역시 해운대구,2026-01-09
GS25재송센트레빌,부산광역시,해운대구,"부산광역시 해운대구 해운대로177번길 20,1층",부산광역시 해운대구 재송동 404-2,,,794-35-00446,N,영업,000-000-0000,2017-11-22,,부산광역시 해운대구,2026-01-09
GS25좌동 삼성점,부산광역시,해운대구,부산광역시 해운대구 세실로 174,부산광역시 해운대구 좌동 1413,,,000-00-00000,N,영업,000-000-0000,2017-07-13,,부산광역시 해운대구,2026-01-09
GS25좌동남선점,부산광역시,해운대구,"부산광역시 해운대구 좌동로 98, 109호(좌동, 디베르비타)",부산광역시 해운대구 좌동 1461-6,,,817-03-01131,N,영업,000-000-0000,2018-07-23,,부산광역시 해운대구,2026-01-09
GS25해운벽산점,부산광역시,해운대구,"부산광역시 해운대구 세실로 48 (좌동, 해운대삼정코아주상복합) 104-116",부산광역시 해운대구 좌동 1315,,,617-22-71436,N,영업,000-000-0000,2024-01-31,,부산광역시 해운대구,2026-01-09
GS25해운제이드,부산광역시,해운대구,"부산광역시 해운대구 해운대해변로197번길 18, 1층",부산광역시 해운대구 우동 867,,,000-00-00000,N,영업,051-746-0316,2017-05-16,,부산광역시 해운대구,2026-01-09
GS25해운화목,부산광역시,해운대구,부산광역시 해운대구 대천로 187 화목타운 분산상가 102,부산광역시 해운대구 좌동 1310,,,290-16-00389,N,영업,000-000-0000,2016-07-15,,부산광역시 해운대구,2026-01-09
GS25해운후레쉬,부산광역시,해운대구,부산광역시 해운대구 구남로 22,부산광역시 해운대구 우동 542-5,,,617-32-97089,N,영업,051-743-1634,2017-07-06,,부산광역시 해운대구,2026-01-09
GS더프레시 부산센텀점,부산광역시,해운대구,부산광역시 해운대구 해운대로76번길 65 (재송동) 1층,부산광역시 해운대구 재송동 939-18,,,150-48-01102,N,영업,000-000-0000,2025-07-18,,부산광역시 해운대구,2026-01-09
GS더프레시 센텀시티점,부산광역시,해운대구,부산광역시 해운대구 센텀2로 19,부산광역시 해운대구 우동 1504,,,408-30-51767,N,영업,000-000-0000,2022-05-11,,부산광역시 해운대구,2026-01-09
i마트(아이마트),부산광역시,해운대구,부산광역시 해운대구 아랫반송로26번길 33 (반송동) 1층,부산광역시 해운대구 반송동 723-33,,,617-37-54635,N,영업,051-545-5999,2017-05-16,,부산광역시 해운대구,2026-01-09
LG25시 재송점,부산광역시,해운대구,부산광역시 해운대구 해운대로143번길 20,부산광역시 해운대구 재송동 1100-10,,,000-00-00000,N,영업,051-782-0091,2017-05-16,,부산광역시 해운대구,2026-01-09
THE NATURE,부산광역시,해운대구,부산광역시 해운대구 마린시티2로 33 두산위브제니스상가 104동 140호,부산광역시 해운대구 우동 1407,,,617-31-99057,N,영업,051-747-7780,2018-05-30,,부산광역시 해운대구,2026-01-09
거창한슈퍼,부산광역시,해운대구,부산광역시 해운대구 선수촌로 10 (반여동) 반여동,부산광역시 해운대구 반여동 1358,,,618-01-90289,N,영업,051-527-7049,2017-05-16,,부산광역시 해운대구,2026-01-09
경남상회,부산광역시,해운대구,부산광역시 해운대구 아랫반송로50번길 23,부산광역시 해운대구 반송동 250-969,,,000-00-00000,N,영업,051-544-2330,2017-05-16,,부산광역시 해운대구,2026-01-09
경북상회,부산광역시,해운대구,부산광역시 해운대구 아랫반송로60번길 17,부산광역시 해운대구 반송동 250-1331,,,000-00-00000,N,영업,051-544-6155,2017-05-16,,부산광역시 해운대구,2026-01-09
고래진할인마트,부산광역시,해운대구,부산광역시 해운대구 송정1로 10,부산광역시 해운대구 송정동 141-5,,,000-00-00000,N,영업,051-721-4457,2017-05-16,,부산광역시 해운대구,2026-01-09
과일파는고릴라,부산광역시,해운대구,부산광역시 해운대구 재반로 213 (반여동) 1층,부산광역시 해운대구 반여동 1291-562,,,138-26-00834,N,영업,000-000-0000,2024-05-16,,부산광역시 해운대구,2026-01-09
국군복지단-무지개마트,부산광역시,해운대구,부산광역시 해운대구 우동3로 94 (우동) 군부대마트,부산광역시 해운대구 우동 산14,,,617-83-01611,N,영업,051-644-4675,2020-11-24,,부산광역시 해운대구,2026-01-09
국군복지단-장산마을마트,부산광역시,해운대구,"부산광역시 해운대구 좌동순환로15번길 24 (좌동, 장산마을아파트) 군부대 마트",부산광역시 해운대구 좌동 1363-1,,,617-83-01611,N,영업,051-644-4675,2017-05-16,,부산광역시 해운대구,2026-01-09
국일철물,부산광역시,해운대구,부산광역시 해운대구 해운대로 381-3,부산광역시 해운대구 우동 1090-13,,,000-00-00000,N,영업,051-746-5262,2017-05-16,,부산광역시 해운대구,2026-01-09
굿모닝마트,부산광역시,해운대구,"부산광역시 해운대구 아랫반송로26번길 21(반송동, 1층)",부산광역시 해운대구 반송동 723-5,,,000-00-00000,N,영업,000-000-0000,2017-05-16,,부산광역시 해운대구,2026-01-09
굿모닝마트,부산광역시,해운대구,부산광역시 해운대구 신반송로 102,부산광역시 해운대구 반송동 872 삼한그린타운2차,,,000-00-00000,N,영업,051-544-0080,2017-05-16,,부산광역시 해운대구,2026-01-09
그린후레쉬마트,부산광역시,해운대구,"부산광역시 해운대구 좌동순환로217번길 19, 지하층 101호(엘아이지건영)",부산광역시 해운대구 좌동 1414,,,264-03-01939,N,영업,051-704-0477,2020-12-31,,부산광역시 해운대구,2026-01-09
글로리마트,부산광역시,해운대구,부산광역시 해운대구 윗반송로35번길 118,부산광역시 해운대구 반송동 40-489,,,618-02-28104,N,영업,051-542-6709,2017-05-16,,부산광역시 해운대구,2026-01-09
글로리스토아,부산광역시,해운대구,부산광역시 해운대구 재반로256번길 13-54,부산광역시 해운대구 반여동 1593-19,,,000-00-00000,N,영업,051-783-4661,2017-05-16,,부산광역시 해운대구,2026-01-09
금정슈퍼,부산광역시,해운대구,부산광역시 해운대구 송정중앙로6번길 186,부산광역시 해운대구 송정동 437-4,,,000-00-00000,N,영업,051-544-6599,2017-05-16,,부산광역시 해운대구,2026-01-09
난다리테일 재송,부산광역시,해운대구,부산광역시 해운대구 재반로84번길 52 (재송동) 1층,부산광역시 해운대구 재송동 1120-7,,,254-06-03149,N,영업,051-783-4521,2025-08-06,,부산광역시 해운대구,2026-01-09
남경상회,부산광역시,해운대구,부산광역시 해운대구 해운대로61번길 13,부산광역시 해운대구 재송동 179-68,,,000-00-00000,N,영업,051-781-8885,2017-05-16,,부산광역시 해운대구,2026-01-09
농심가체인,부산광역시,해운대구,부산광역시 해운대구 윗반송로35번길 68,부산광역시 해운대구 반송동 40-808,,,000-00-00000,N,영업,051-542-5592,2017-05-16,,부산광역시 해운대구,2026-01-09
농축산마트 해운대점,부산광역시,해운대구,부산광역시 해운대구 우동2로 50-4,부산광역시 해운대구 우동 394-13,,,499-88-01997,N,영업,051-743-7600,2021-05-25,,부산광역시 해운대구,2026-01-09
누리마트,부산광역시,해운대구,부산광역시 해운대구 대천로67번길 12,부산광역시 해운대구 좌동 1278-1,,,000-00-00000,N,영업,051-731-6331,2017-06-23,,부산광역시 해운대구,2026-01-09
뉴G플러스마트,부산광역시,해운대구,부산광역시 해운대구 해운대로81번가길 47,부산광역시 해운대구 재송동 1040-1,,,152-17-00518,N,영업,000-000-0000,2017-02-08,,부산광역시 해운대구,2026-01-09
뉴한국마트,부산광역시,해운대구,부산광역시 해운대구 구남로41번길 30(중동),부산광역시 해운대구 중동 1394-24,,,343-42-00625,N,영업,051-742-5748,2019-05-27,,부산광역시 해운대구,2026-01-09
다모아,부산광역시,해운대구,"부산광역시 해운대구 재반로211번길 26, 1층",부산광역시 해운대구 반여동 1291-667,,,683-12-01087,N,영업,000-000-0000,2021-12-03,,부산광역시 해운대구,2026-01-09
달맞이장터,부산광역시,해운대구,부산광역시 해운대구 달맞이길117번나길 133-3,부산광역시 해운대구 중동 1478-5,,,305-43-61118,N,영업,051-742-2004,2019-04-10,,부산광역시 해운대구,2026-01-09
담배포,부산광역시,해운대구,부산광역시 해운대구 좌동순환로468번가길 33,부산광역시 해운대구 중동 856-1,,,000-00-00000,N,영업,051-752-7210,2017-05-16,,부산광역시 해운대구,2026-01-09
대경슈퍼,부산광역시,해운대구,부산광역시 해운대구 재반로270번길 55,부산광역시 해운대구 반여동 1582-13,,,000-00-00000,N,영업,051-783-7295,2017-05-16,,부산광역시 해운대구,2026-01-09
대림슈퍼,부산광역시,해운대구,부산광역시 해운대구 재반로256번길 49,부산광역시 해운대구 반여동 1589-31,,,000-00-00000,N,영업,051-781-1414,2017-05-16,,부산광역시 해운대구,2026-01-09
대성슈퍼,부산광역시,해운대구,부산광역시 해운대구 우동3로11번길 28-1,부산광역시 해운대구 우동 267-27,,,000-00-00000,N,영업,051-743-1403,2017-05-16,,부산광역시 해운대구,2026-01-09
더 마트,부산광역시,해운대구,부산광역시 해운대구 송정중앙로 20 (송정동),부산광역시 해운대구 송정동 390-1,,,667-31-00296,N,영업,051-703-1247,2017-05-01,,부산광역시 해운대구,2026-01-09
더마트,부산광역시,해운대구,"부산광역시 해운대구 달맞이길65번길 33, 상가동 B01호",부산광역시 해운대구 중동 1821,,,231-18-01670,N,영업,051-746-8887,2019-08-19,,부산광역시 해운대구,2026-01-09
더마트(좌4동),부산광역시,해운대구,"부산광역시 해운대구 대천로103번길 61 (좌동, 엘지아파트) 상가동 지하1층 101호",부산광역시 해운대구 좌동 1398,,,569-02-03849,N,영업,051-703-6743,2025-01-14,,부산광역시 해운대구,2026-01-09
더블유마켓,부산광역시,해운대구,부산광역시 해운대구 해운대로383번길 41 (우동),부산광역시 해운대구 우동 1092-18,,,725-86-03231,N,영업,051-747-0560,2017-03-03,,부산광역시 해운대구,2026-01-09
더푸드마켓,부산광역시,해운대구,"부산광역시 해운대구 청사포로 27 (좌동, 경남선경아파트) 상가동 111호",부산광역시 해운대구 좌동 1448 경남선경아파트,,,118-29-01693,N,영업,000-000-0000,2024-03-11,,부산광역시 해운대구,2026-01-09
데일리마켓,부산광역시,해운대구,"부산광역시 해운대구 송정중앙로9번길 16 (송정동, 해피투모로우 아파트) 102호",부산광역시 해운대구 송정동 198-4,,,648-03-03149,N,영업,000-000-0000,2024-12-20,,부산광역시 해운대구,2026-01-09
동남할인스토아,부산광역시,해운대구,"부산광역시 해운대구 좌동순환로99번길 22, 102호(좌동, 경남아너스빌상가)",부산광역시 해운대구 좌동 1375,,,000-00-00000,N,영업,051-731-1630,2017-05-16,,부산광역시 해운대구,2026-01-09
동아슈퍼,부산광역시,해운대구,부산광역시 해운대구 재반로118번길 71 그린상가1호,부산광역시 해운대구 재송동 1146-1,,,000-00-00000,N,영업,051-781-2571,2017-05-16,,부산광역시 해운대구,2026-01-09
동일글로리마트,부산광역시,해운대구,부산광역시 해운대구 재반로211번길 29(반여2동),부산광역시 해운대구 반여동 1291-1424,,,471-04-01795,N,영업,051-783-3373,2020-08-20,,부산광역시 해운대구,2026-01-09
두래그릇마트,부산광역시,해운대구,부산광역시 해운대구 해운대로 61번길 95-47,부산광역시 해운대구 반여동 1291-918,,,729-02-00726,N,영업,051-782-5890,2017-06-13,,부산광역시 해운대구,2026-01-09
드림마트,부산광역시,해운대구,부산광역시 해운대구 선수촌로 146-6,부산광역시 해운대구 반여동 1026-4,,,646-63-00553,N,영업,000-000-0000,2022-06-02,,부산광역시 해운대구,2026-01-09
디씨(DC)마트,부산광역시,해운대구,부산광역시 해운대구 재송1로60번길 16,부산광역시 해운대구 재송동 1080-5,,,000-00-00000,N,영업,051-782-8005,2017-05-16,,부산광역시 해운대구,2026-01-09
또와요슈퍼,부산광역시,해운대구,부산광역시 해운대구 반송로867번길 42(반송동),부산광역시 해운대구 반송동 654-8,,,000-00-00000,N,영업,051-542-6606,2017-05-16,,부산광역시 해운대구,2026-01-09
롤로토바코,부산광역시,해운대구,부산광역시 해운대구 재반로 257 1층,부산광역시 해운대구 반여동 1603-23,,,103-61-00182,N,영업,000-000-0000,2022-11-25,,부산광역시 해운대구,2026-01-09
롯데쇼핑 (주) 센텀시티점,부산광역시,해운대구,부산광역시 해운대구 센텀남대로 59,부산광역시 해운대구 우동 1496,,,617-85-24957,N,영업,051-730-2212,2018-09-21,,부산광역시 해운대구,2026-01-09
리빙필,부산광역시,해운대구,부산광역시 해운대구 좌동로99-32(좌동재래시장내),부산광역시 해운대구 좌동 905,,,617-06-55019,N,영업,051-702-8060,2017-12-01,,부산광역시 해운대구,2026-01-09
만호쌀상회,부산광역시,해운대구,부산광역시 해운대구 재반로256번길 35,부산광역시 해운대구 반여동 1591-29,,,000-00-00000,N,영업,051-783-2512,2017-05-16,,부산광역시 해운대구,2026-01-09
매일상회,부산광역시,해운대구,부산광역시 해운대구 좌동순환로 377,부산광역시 해운대구 중동 1520-14,,,000-00-00000,N,영업,051-746-4054,2017-05-16,,부산광역시 해운대구,2026-01-09
모던마트,부산광역시,해운대구,부산광역시 해운대구 아랫반송로80번길 1,부산광역시 해운대구 반송동 250-2138,,,357-26-00925,N,영업,000-000-0000,2019-12-26,,부산광역시 해운대구,2026-01-09
모티마켓 부산해운대점,부산광역시,해운대구,"부산광역시 해운대구 중동1로 12, 1층",부산광역시 해운대구 우동 606-15,,,410-85-53695,N,영업,051-643-9580,2022-11-30,,부산광역시 해운대구,2026-01-09
미경슈퍼,부산광역시,해운대구,부산광역시 해운대구 신반송로 200,부산광역시 해운대구 반송동 77,,,000-00-00000,N,영업,051-543-4488,2017-05-16,,부산광역시 해운대구,2026-01-09
미니슈퍼,부산광역시,해운대구,부산광역시 해운대구 아랫반송로 62-3,부산광역시 해운대구 반송동 250-1400,,,000-00-00000,N,영업,000-000-0000,2016-02-22,,부산광역시 해운대구,2026-01-09
미화당슈퍼,부산광역시,해운대구,부산광역시 해운대구 삼어로133번가길 13-9 (찬미교회),부산광역시 해운대구 반여동 1117-4,,,000-00-00000,N,영업,051-524-7387,2017-05-16,,부산광역시 해운대구,2026-01-09
밀양상회,부산광역시,해운대구,부산광역시 해운대구 재반로255번길 11,부산광역시 해운대구 반여동 1610-2,,,000-00-00000,N,영업,051-782-7438,2017-05-16,,부산광역시 해운대구,2026-01-09
바다편의점,부산광역시,해운대구,부산광역시 해운대구 송정해변로 30-1,부산광역시 해운대구 송정동 297-18,,,000-00-00000,N,영업,000-000-0000,2017-05-16,,부산광역시 해운대구,2026-01-09
반송두배로마트,부산광역시,해운대구,부산광역시 해운대구 아랫반송로 32,부산광역시 해운대구 반송동 250-210,,,000-00-00000,N,영업,051-544-8253,2017-05-16,,부산광역시 해운대구,2026-01-09
반여상회,부산광역시,해운대구,부산광역시 해운대구 반여로 42,부산광역시 해운대구 반여동 1694,,,000-00-00000,N,영업,051-524-9310,2017-05-16,,부산광역시 해운대구,2026-01-09
반여생활용품,부산광역시,해운대구,부산광역시 해운대구 재반로256번길 13-9,부산광역시 해운대구 반여동 1601-11,,,618-19-70236,N,영업,051-782-6529,2018-04-13,,부산광역시 해운대구,2026-01-09
반여스토아,부산광역시,해운대구,부산광역시 해운대구 재반로256번길 32,부산광역시 해운대구 반여동 1595-2,,,683-03-00882,N,영업,051-783-8238,2017-08-02,,부산광역시 해운대구,2026-01-09
백천철물,부산광역시,해운대구,부산광역시 해운대구 재반로270번길 23 (반여동) 백천설비,부산광역시 해운대구 반여동 1586-4,,,518-04-02884,N,영업,000-000-0000,2024-04-08,,부산광역시 해운대구,2026-01-09
베스트마트,부산광역시,해운대구,부산광역시 해운대구 재반로256번길 29-10,부산광역시 해운대구 반여동 1591-26,,,000-00-00000,N,영업,051-781-6449,2017-05-16,,부산광역시 해운대구,2026-01-09
베스트마트,부산광역시,해운대구,"부산광역시 해운대구 해운대로 428, B동 101호",부산광역시 해운대구 우동 1008-7,,,318-16-00784,N,영업,051-744-3488,2018-04-19,,부산광역시 해운대구,2026-01-09
부산고기백화점,부산광역시,해운대구,부산광역시 해운대구 재반로 250 (반여동),부산광역시 해운대구 반여동 1608-12,,,617-91-45157,N,영업,051-783-9944,2017-05-16,,부산광역시 해운대구,2026-01-09
부산할인마트,부산광역시,해운대구,부산광역시 해운대구 재반로225번길 17,부산광역시 해운대구 반여동 1291-600,,,000-00-00000,N,영업,051-782-4789,2017-05-16,,부산광역시 해운대구,2026-01-09
부영슈퍼,부산광역시,해운대구,부산광역시 해운대구 재반로256번길 51-70 (반여동),부산광역시 해운대구 반여동 1588-8,,,617-35-53966,N,영업,000-000-0000,2018-04-13,,부산광역시 해운대구,2026-01-09
비둘기슈퍼,부산광역시,해운대구,부산광역시 해운대구 재반로 182,부산광역시 해운대구 재송동 1150-5,,,000-00-00000,N,영업,051-781-1195,2017-05-16,,부산광역시 해운대구,2026-01-09
비취타운,부산광역시,해운대구,부산광역시 해운대구 송정해변로 38,부산광역시 해운대구 송정동 297-42,,,000-00-00000,N,영업,051-703-8098,2017-05-16,,부산광역시 해운대구,2026-01-09
빅세일 2호점,부산광역시,해운대구,"부산광역시 해운대구 우동2로 30번길 20 , 1층",부산광역시 해운대구 우동 232-27,,,000-00-00000,N,영업,051-741-4936,2015-11-17,,부산광역시 해운대구,2026-01-09
빅세일마트,부산광역시,해운대구,부산광역시 해운대구 해운대로 1115 (송정동),부산광역시 해운대구 송정동 134-1,,,154-20-00722,N,영업,051-701-8868,2021-01-08,,부산광역시 해운대구,2026-01-09
빅세일마트,부산광역시,해운대구,부산광역시 해운대구 재반로125번길 71,부산광역시 해운대구 재송동 1052-31,,,000-00-00000,N,영업,051-781-6988,2017-05-16,,부산광역시 해운대구,2026-01-09
빅세일마트(재송제2동),부산광역시,해운대구,부산광역시 해운대구 재반로 116 (재송동) 지하1층,부산광역시 해운대구 재송동 1130-16,,,286-50-00860,N,영업,000-000-0000,2024-03-19,,부산광역시 해운대구,2026-01-09
빅세일마트반여점,부산광역시,해운대구,부산광역시 해운대구 선수촌로165번길 7 (반여동) 빅세일마트반여점,부산광역시 해운대구 반여동 903-33,,,000-00-00000,N,영업,051-524-5578,2017-05-16,,부산광역시 해운대구,2026-01-09
삼거리슈퍼,부산광역시,해운대구,"부산광역시 해운대구 신반송로 163, 남흥아파트 상가6동 101호",부산광역시 해운대구 반송동 887,,,738-18-01109,N,영업,000-000-0000,2020-03-25,,부산광역시 해운대구,2026-01-09
삼성빅마트,부산광역시,해운대구,부산광역시 해운대구 재반로 81-8,부산광역시 해운대구 재송동 1089-9,,,632-07-00674,N,영업,051-781-3650,2017-02-21,,부산광역시 해운대구,2026-01-09
삼성정미소 쌀직판장,부산광역시,해운대구,부산광역시 해운대구 재반로242번길 13-30,부산광역시 해운대구 반여동 1597-24,,,000-00-00000,N,영업,051-782-6537,2017-05-16,,부산광역시 해운대구,2026-01-09
삼익하나로마트,부산광역시,해운대구,부산광역시 해운대구 해운대로81번길 24,부산광역시 해운대구 재송동 1052-8,,,000-00-00000,N,영업,051-784-3536,2017-05-16,,부산광역시 해운대구,2026-01-09
삼한슈퍼,부산광역시,해운대구,"부산광역시 해운대구 신반송로 72 (반송동, 삼한5차아파트) 상가 101호",부산광역시 해운대구 반송동 886,,,000-00-00000,N,영업,051-545-1404,2017-05-16,,부산광역시 해운대구,2026-01-09
삼환두배로마트,부산광역시,해운대구,부산광역시 해운대구 해운대로361,부산광역시 해운대구 우동 1100,,,617-21-81747,N,영업,051-747-9110,2017-05-16,,부산광역시 해운대구,2026-01-09
삼흥상회,부산광역시,해운대구,부산광역시 해운대구 해운대로219번길 21,부산광역시 해운대구 재송동 97-1,,,000-00-00000,N,영업,051-782-5675,2017-05-16,,부산광역시 해운대구,2026-01-09
상건철물,부산광역시,해운대구,부산광역시 해운대구 선수촌로 171,부산광역시 해운대구 반여동 891-2,,,618-19-37426,N,영업,051-522-5737,2019-12-27,,부산광역시 해운대구,2026-01-09
상록스토아,부산광역시,해운대구,부산광역시 해운대구 세실로 7,부산광역시 해운대구 좌동 1331,,,000-00-00000,N,영업,051-702-0740,2017-05-16,,부산광역시 해운대구,2026-01-09
서울슈퍼,부산광역시,해운대구,부산광역시 해운대구 해운대로91번길 17,부산광역시 해운대구 재송동 189-4,,,000-00-00000,N,영업,051-781-9371,2017-05-16,,부산광역시 해운대구,2026-01-09
서원탑할인마트,부산광역시,해운대구,부산광역시 해운대구 재반로60번길 51,부산광역시 해운대구 재송동 151-11,,,000-00-00000,N,영업,051-784-1303,2017-05-16,,부산광역시 해운대구,2026-01-09
선수촌방앗간,부산광역시,해운대구,부산광역시 해운대구 반여로167번길 43-1,부산광역시 해운대구 반여동 936-1,,,000-00-00000,N,영업,051-526-3738,2017-05-16,,부산광역시 해운대구,2026-01-09
성황리마트,부산광역시,해운대구,"부산광역시 해운대구 신반송로161, 1층(반송동)",부산광역시 해운대구 반송동 881,,,658-04-01785,N,영업,051-545-7910,2020-07-07,,부산광역시 해운대구,2026-01-09
세븐일레븐 반송제일점,부산광역시,해운대구,"부산광역시 해운대구 반송로 928, 1층(반송2동)",부산광역시 해운대구 반송동 15-67,,,810-70-00453,N,영업,000-000-0000,2020-06-05,,부산광역시 해운대구,2026-01-09
세븐일레븐 반여선수촌 2호점,부산광역시,해운대구,"부산광역시 해운대구 선수촌로 122 (반여동, 아시아선수촌아파트)  분산1상가 1층 101호",부산광역시 해운대구 반여동 1638,,,524-61-00206,N,영업,051-522-3559,2017-09-04,,부산광역시 해운대구,2026-01-09
세븐일레븐 부산달맞이경동점,부산광역시,해운대구,"부산광역시 해운대구 달맞이길65번길 12-12 (중동, 달맞이경동메르빌아파트) 상가동 102,103호",부산광역시 해운대구 중동 1515-2,,,241-76-00606,N,영업,000-000-0000,2024-03-08,,부산광역시 해운대구,2026-01-09
세븐일레븐 부산두산동국점,부산광역시,해운대구,"부산광역시 해운대구 양운로182, 주상가동 104호,105호(좌동,두산1차아파트",부산광역시 해운대구 좌동 1394,,,820-14-01017,N,영업,051-704-4470,2019-07-12,,부산광역시 해운대구,2026-01-09
세븐일레븐 부산마린시티자이점,부산광역시,해운대구,"부산광역시 해운대구 마린시티1로 9 (우동, 마린시티자이) 114호",부산광역시 해운대구 우동 1405-1,,,824-85-01381,N,영업,000-000-0000,2020-01-28,,부산광역시 해운대구,2026-01-09
세븐일레븐 부산반여대림점,부산광역시,해운대구,"부산광역시 해운대구 선수촌로 97, 1층(반여동)",부산광역시 해운대구 반여동 1206-44,,,731-03-00629,N,영업,000-000-0000,2019-10-28,,부산광역시 해운대구,2026-01-09
세븐일레븐 부산반여스마트점,부산광역시,해운대구,부산광역시 해운대구 선수촌로 146-4,부산광역시 해운대구 반여동 1685,,,447-06-03168,N,영업,000-000-0000,2025-11-19,,부산광역시 해운대구,2026-01-09
세븐일레븐 부산반여스위첸점,부산광역시,해운대구,"부산광역시 해운대구 반여로 42 (반여동, 센텀kcc스위첸) 501동 지하3층 110호",부산광역시 해운대구 반여동 1691,,,549-30-01888,N,영업,000-000-0000,2025-06-10,,부산광역시 해운대구,2026-01-09
세븐일레븐 부산반여왕자점,부산광역시,해운대구,부산광역시 해운대구 선수촌로21번길 21(그린종합상가),부산광역시 해운대구 반여동 1405-36,,,000-00-00000,N,영업,051-523-5616,2017-05-16,,부산광역시 해운대구,2026-01-09
세븐일레븐 부산삼호중앙점,부산광역시,해운대구,"부산광역시 해운대구 해운대로349번길 24, 상가2동 102호,103호",부산광역시 해운대구 우동 1104-1,,,807-37-00445,N,영업,000-000-0000,2018-10-02,,부산광역시 해운대구,2026-01-09
세븐일레븐 부산우동푸르지오점,부산광역시,해운대구,"부산광역시 해운대구 해운대로 650 (우동, 해운대 센트럴 푸르지오) 상가 119호",부산광역시 해운대구 우동 1562,,,360-20-01802,N,영업,000-000-0000,2023-06-29,,부산광역시 해운대구,2026-01-09
세븐일레븐 부산재송동부점,부산광역시,해운대구,"부산광역시 해운대구 해운대로161번길 7, 1층",부산광역시 해운대구 재송동 1097-5,,,000-00-00000,N,영업,051-781-8810,2017-05-16,,부산광역시 해운대구,2026-01-09
세븐일레븐 부산재송원룸점,부산광역시,해운대구,"부산광역시 해운대구 해운대로123번길 21, 1층",부산광역시 해운대구 재송동 1074-17,,,837-73-00196,N,영업,051-781-4578,2018-06-28,,부산광역시 해운대구,2026-01-09
세븐일레븐 부산재송은하점,부산광역시,해운대구,"부산광역시 해운대구 재반로84번길 65, 1층 102호",부산광역시 해운대구 재송동 1128-9,,,422-38-01269,N,영업,000-000-0000,2022-12-19,,부산광역시 해운대구,2026-01-09
세븐일레븐 부산재송점,부산광역시,해운대구,"부산광역시 해운대구 해운대로 143번길 32 , 1층",부산광역시 해운대구 재송동 1105-7,,,564-13-00538,N,영업,000-000-0000,2017-05-30,,부산광역시 해운대구,2026-01-09
세븐일레븐 부산재송제일점,부산광역시,해운대구,부산광역시 해운대구 재반로 123,부산광역시 해운대구 재송동 1058-3,,,000-00-00000,N,영업,051-728-0423,2017-05-16,,부산광역시 해운대구,2026-01-09
세븐일레븐 부산해리단길점,부산광역시,해운대구,부산광역시 해운대구 해운대해변로237번길 12,부산광역시 해운대구 우동 629-3,,,302-05-49641,N,영업,000-000-0000,2022-10-28,,부산광역시 해운대구,2026-01-09
세븐일레븐 부산해운대마린시티,부산광역시,해운대구,"부산광역시 해운대구 마린시티3로 46, 상가 117호",부산광역시 해운대구 우동 1410-2,,,817-17-01915,N,영업,000-000-0000,2023-05-17,,부산광역시 해운대구,2026-01-09
세븐일레븐 부산해운대미포점,부산광역시,해운대구,"부산광역시 해운대구 달맞이길62번길 23, 1층(중동)",부산광역시 해운대구 중동 957-9,,,789-59-00324,N,영업,051-744-7505,2020-06-30,,부산광역시 해운대구,2026-01-09
세븐일레븐 부산해운대점,부산광역시,해운대구,부산광역시 해운대구 구남로 47 (중동) 중동,부산광역시 해운대구 중동 1392-24,,,139-33-00359,N,영업,051-746-9411,2018-03-26,,부산광역시 해운대구,2026-01-09
세븐일레븐 부산해운대주공점,부산광역시,해운대구,"부산광역시 해운대구 좌동순환로 118(좌동, 해운대센트럴파크아파트)",부산광역시 해운대구 좌동 1282,,,000-00-00000,N,영업,051-703-1336,2017-05-16,,부산광역시 해운대구,2026-01-09
세븐일레븐 부산해운사랑점,부산광역시,해운대구,부산광역시 해운대구 우동1로 5-1,부산광역시 해운대구 우동 640-1,,,000-00-00000,N,영업,000-000-0000,2017-05-16,,부산광역시 해운대구,2026-01-09
세븐일레븐 영산대정문점,부산광역시,해운대구,부산광역시 해운대구 반송순환로 141 (반송동) 1층,부산광역시 해운대구 반송동 250-2486,,,542-60-00788,N,영업,051-542-2603,2019-02-20,,부산광역시 해운대구,2026-01-09
세븐일레븐 우동2호점,부산광역시,해운대구,"부산광역시 해운대구 해운대로452번길 18, 1층",부산광역시 해운대구 우동 1007-16,,,481-13-00698,N,영업,051-732-4914,2018-01-25,,부산광역시 해운대구,2026-01-09
세븐일레븐 우동롯데점,부산광역시,해운대구,부산광역시 해운대구 해운대로483번길 8-1,부산광역시 해운대구 우동 952,,,000-00-00000,N,영업,051-746-7164,2017-05-16,,부산광역시 해운대구,2026-01-09
세븐일레븐 해운대 나인점,부산광역시,해운대구,부산광역시 해운대구 해운대해변로209번가길 7,부산광역시 해운대구 우동 654-2,,,464-15-01643,N,영업,000-000-0000,2022-11-08,,부산광역시 해운대구,2026-01-09
세븐일레븐 해운대그랜드점,부산광역시,해운대구,부산광역시 해운대구 해운대해변로 221번길 16-1 1층,부산광역시 해운대구 우동 648-11,,,397-05-00568,N,영업,000-000-0000,2017-02-23,,부산광역시 해운대구,2026-01-09
세븐일레븐 해운대비치점,부산광역시,해운대구,부산광역시 해운대구 구남로 42-1,부산광역시 해운대구 중동 1391-41,,,364-06-02087,N,영업,051-740-8851,2022-10-24,,부산광역시 해운대구,2026-01-09
세븐일레븐 해운오렌지점,부산광역시,해운대구,"부산광역시 해운대구 마린시티3로 23 (우동) 136호(우동, 벽산e-오렌지상가)",부산광역시 해운대구 우동 1435,,,617-21-77092,N,영업,000-000-0000,2023-09-13,,부산광역시 해운대구,2026-01-09
세븐일레븐부산아르피나호스텔점,부산광역시,해운대구,부산광역시 해운대구 해운대해변로 35 (우동) 지하1층,부산광역시 해운대구 우동 1417,,,440-23-01870,N,영업,051-744-4839,2024-06-05,,부산광역시 해운대구,2026-01-09
세븐일레븐부산해운대한일점,부산광역시,해운대구,"부산광역시 해운대구 대천로 56, 109호(좌동, 한일아파트)",부산광역시 해운대구 좌동 1274,,,000-00-00000,N,영업,051-747-9450,2017-05-16,,부산광역시 해운대구,2026-01-09
세신전기철물,부산광역시,해운대구,부산광역시 해운대구 우동1로 47,부산광역시 해운대구 우동 460-67,,,000-00-00000,N,영업,051-746-0008,2017-05-16,,부산광역시 해운대구,2026-01-09
세이브존해운대점,부산광역시,해운대구,부산광역시 해운대구 구남로 41번길 45,부산광역시 해운대구 중동 1394-162,,,000-00-00000,N,영업,051-740-9500,2017-05-16,,부산광역시 해운대구,2026-01-09
소도몰 센텀재송점,부산광역시,해운대구,"부산광역시 해운대구 해운대로76번길 40 (재송동, 센텀리슈빌) 3단지 상가동 5-1호(재송동, 센텀리슈빌)",부산광역시 해운대구 재송동 1350,,,383-11-02762,N,영업,000-000-0000,2025-10-27,,부산광역시 해운대구,2026-01-09
소영장식,부산광역시,해운대구,부산광역시 해운대구 구남로41번길9,부산광역시 해운대구 중동 1394-259,,,000-00-00000,N,영업,051-742-2770,2017-05-16,,부산광역시 해운대구,2026-01-09
스카이 할인마트송정점,부산광역시,해운대구,부산광역시 해운대구 송정중앙로15번길 8 (송정동),부산광역시 해운대구 송정동 199-11,,,736-49-00675,N,영업,051-703-8582,2021-12-13,,부산광역시 해운대구,2026-01-09
스카이마트,부산광역시,해운대구,부산광역시 해운대구 우동3로 57 (우동) 1동 101호,부산광역시 해운대구 우동 275-6,,,133-18-03559,N,영업,051-747-0308,2024-01-08,,부산광역시 해운대구,2026-01-09
신동아마트,부산광역시,해운대구,"부산광역시 해운대구 재반로60번길 46-6, 신동아아파트 상가 101호",부산광역시 해운대구 재송동 131,,,000-00-00000,N,영업,051-782-2011,2017-05-16,,부산광역시 해운대구,2026-01-09
신동아빅세일마트반여점,부산광역시,해운대구,"부산광역시 해운대구 반여로 176 (반여동, 신동아아파트) 신동아빅세일마트반여점",부산광역시 해운대구 반여동 982-14,,,108-30-43009,N,영업,000-000-0000,2020-09-01,,부산광역시 해운대구,2026-01-09
신세계슈퍼마켓,부산광역시,해운대구,"부산광역시 해운대구 신반송로 102, 상가 제213동 지하 101,102,103호",부산광역시 해운대구 반송동 872,,,488-56-00605,N,영업,051-545-3365,2022-03-08,,부산광역시 해운대구,2026-01-09
신풍상회,부산광역시,해운대구,부산광역시 해운대구 달맞이길62번길 47-2(중동),부산광역시 해운대구 중동 1016-1,,,000-00-00000,N,영업,051-746-2273,2017-05-16,,부산광역시 해운대구,2026-01-09
싸다마트,부산광역시,해운대구,부산광역시 해운대구 선수촌로207번가길 43,부산광역시 해운대구 반여동 783-17,,,554-05-01063,N,영업,051-526-9278,2018-07-06,,부산광역시 해운대구,2026-01-09
썬프라자마트,부산광역시,해운대구,"부산광역시 해운대구 마린시티3로 1 (우동, 선프라자) 1층 상가 102호, 119호, 120호",부산광역시 해운대구 우동 1434 선프라자,,,229-63-00663,N,영업,000-000-0000,2024-05-28,,부산광역시 해운대구,2026-01-09
씨유 까르띠움점,부산광역시,해운대구,부산광역시 해운대구 해운대로 785 (좌동) 1층 102호,부산광역시 해운대구 좌동 1459-5,,,133-46-01137,N,영업,000-000-0000,2025-01-22,,부산광역시 해운대구,2026-01-09
씨유 뉴한일오르듀점,부산광역시,해운대구,"부산광역시 해운대구 마린시티3로 37 (우동) 110호, 111호, 112호",부산광역시 해운대구 우동 1435-3,,,617-21-51870,N,영업,000-000-0000,2024-01-17,,부산광역시 해운대구,2026-01-09
씨유 뉴해운대래미안점,부산광역시,해운대구,"부산광역시 해운대구 좌동순환로 402 (중동, 래미안 해운대) 1층 103호",부산광역시 해운대구 중동 1793 래미안 해운대,,,119-26-02146,N,영업,000-000-0000,2025-09-03,,부산광역시 해운대구,2026-01-09
씨유 대동점,부산광역시,해운대구,"부산광역시 해운대구 대천로103번길 29 (좌동, 대동타운) 분산상가동 101~104호",부산광역시 해운대구 좌동 1288,,,316-15-02682,N,영업,000-000-0000,2024-09-24,,부산광역시 해운대구,2026-01-09
씨유 반송그린점,부산광역시,해운대구,"부산광역시 해운대구 반송순환로 205-1, 1층(반송동)",부산광역시 해운대구 반송동 275-533,,,227-68-00129,N,영업,000-000-0000,2017-09-26,,부산광역시 해운대구,2026-01-09
씨유 반송동부산점,부산광역시,해운대구,부산광역시 해운대구 반송로 869-1(반송동),부산광역시 해운대구 반송동 281-5,,,000-00-00000,N,영업,051-545-0717,2017-05-16,,부산광역시 해운대구,2026-01-09
씨유 반송하나점(주식회사해솔),부산광역시,해운대구,부산광역시 해운대구 윗반송로35번길 40 (반송동) 1층,부산광역시 해운대구 반송동 214-50,,,283-88-03099,N,영업,000-000-0000,2024-03-20,,부산광역시 해운대구,2026-01-09
씨유 반여그린점,부산광역시,해운대구,부산광역시 해운대구 재반로270번길 28 (반여동) 1층,부산광역시 해운대구 반여동 1592-1,,,864-13-02644,N,영업,000-000-0000,2024-10-08,,부산광역시 해운대구,2026-01-09
씨유 반여에덴점,부산광역시,해운대구,"부산광역시 해운대구 재반로212번길 5, 1층(반여2동)",부산광역시 해운대구 반여동 1291-533,,,737-06-02664,N,영업,000-000-0000,2020-10-26,,부산광역시 해운대구,2026-01-09
씨유 반여오토점,부산광역시,해운대구,부산광역시 해운대구 선수촌로 210(반여동 753-5),부산광역시 해운대구 반여동 753-5,,,515-09-65717,N,영업,000-000-0000,2020-03-27,,부산광역시 해운대구,2026-01-09
씨유 반여우방점,부산광역시,해운대구,"부산광역시 해운대구 삼어로61(반여동,우방신세계타운116동 101,102,103호)",부산광역시 해운대구 반여동 1190-1,,,249-01-02819,N,영업,000-000-0000,2018-10-25,,부산광역시 해운대구,2026-01-09
씨유 반여트루엘점,부산광역시,해운대구,"부산광역시 해운대구 삼어로133번나길 17, 119동 103호(반여동,센텀트루엘1",부산광역시 해운대구 반여동 1682,,,807-19-01474,N,영업,000-000-0000,2020-09-02,,부산광역시 해운대구,2026-01-09
씨유 반여협성점,부산광역시,해운대구,"부산광역시 해운대구 해운대로38번길 60,101-1호(반여동,센텀르네상스타운)",부산광역시 해운대구 재송동 1324,,,262-25-01309,N,영업,000-000-0000,2021-06-08,,부산광역시 해운대구,2026-01-09
씨유 부산재송점,부산광역시,해운대구,"부산광역시 해운대구 재반로84번길 17, 1층",부산광역시 해운대구 재송동 1124-6,,,310-09-78655,N,영업,000-000-0000,2023-04-19,,부산광역시 해운대구,2026-01-09
씨유 새한센시빌점,부산광역시,해운대구,"부산광역시 해운대구 해운대로 284, 새한센시빌상가 105호~106호",부산광역시 해운대구 우동 1228,,,000-00-00000,N,영업,051-731-0740,2017-05-16,,부산광역시 해운대구,2026-01-09
씨유 센텀드파인점,부산광역시,해운대구,"부산광역시 해운대구 선수촌로 30 (반여동, 드파인센텀) 403-105",부산광역시 해운대구 반여동 1699,,,601-34-42870,N,영업,000-000-0000,2024-10-24,,부산광역시 해운대구,2026-01-09
씨유 센텀리슈빌점,부산광역시,해운대구,부산광역시 해운대구 해운대로38번길70,부산광역시 해운대구 재송동 1354,,,697-04-03565,N,영업,000-000-0000,2025-12-04,,부산광역시 해운대구,2026-01-09
씨유 센텀삼환점,부산광역시,해운대구,부산광역시 해운대구 해운대로383번길 55 (우동) 1층,부산광역시 해운대구 우동 1185-64,,,648-57-00688,N,영업,000-000-0000,2025-01-16,,부산광역시 해운대구,2026-01-09
씨유 센텀센트레빌점,부산광역시,해운대구,부산광역시 해운대구 해운대로108번길 22 (재송동) 103동 지1층102호(센텀 센트레빌 플래비뉴),부산광역시 해운대구 재송동 900-1,,,634-38-01300,N,영업,000-000-0000,2024-01-23,,부산광역시 해운대구,2026-01-09
씨유 센텀월드마크점,부산광역시,해운대구,"부산광역시 해운대구 센텀동로 25 (우동, 대우월드마크센텀아파트) 상가동 1층 131호",부산광역시 해운대구 우동 1488,,,798-04-03193,N,영업,000-000-0000,2024-07-09,,부산광역시 해운대구,2026-01-09
씨유 센텀타워메디컬,부산광역시,해운대구,부산광역시 해운대구 센텀2로 20 (우동) 1층 105,부산광역시 해운대구 우동 1516,,,723-29-01122,N,영업,000-000-0000,2021-11-09,,부산광역시 해운대구,2026-01-09
씨유 송정메르드로브점,부산광역시,해운대구,부산광역시 해운대구 송정광어골로 80 (송정동) 지하2층 101호,부산광역시 해운대구 송정동 444-7,,,203-28-95847,N,영업,000-000-0000,2024-10-23,,부산광역시 해운대구,2026-01-09
씨유 송정원룸점,부산광역시,해운대구,"부산광역시 해운대구 송정중앙로15번길 115 (송정동, 라온하우스) 1층 101호",부산광역시 해운대구 송정동 181-18,,,642-22-00524,N,영업,000-000-0000,2017-08-10,,부산광역시 해운대구,2026-01-09
씨유 송정초량본가어묵정,부산광역시,해운대구,부산광역시 해운대구 송정광어골로 16 (송정동) 1층,부산광역시 해운대구 송정동 311-3,,,173-22-02012,N,영업,000-000-0000,2023-10-19,,부산광역시 해운대구,2026-01-09
씨유 송정태양점,부산광역시,해운대구,부산광역시 해운대구 송정중앙로33번길 30 (송정동),부산광역시 해운대구 송정동 195-9,,,474-18-02067,N,영업,000-000-0000,2023-11-02,,부산광역시 해운대구,2026-01-09
씨유 수비사거리점,부산광역시,해운대구,"부산광역시 해운대구 해운대로 407, 신세계프라자 106호",부산광역시 해운대구 우동 1078-1,,,000-00-00000,N,영업,000-000-0000,2017-05-16,,부산광역시 해운대구,2026-01-09
씨유 신도시점,부산광역시,해운대구,부산광역시 해운대구 좌동순환로 301(금강빌딩),부산광역시 해운대구 좌동 1443-2,,,000-00-00000,N,영업,051-705-9418,2017-05-16,,부산광역시 해운대구,2026-01-09
씨유 웰비치점,부산광역시,해운대구,부산광역시 해운대구 좌동로 38,부산광역시 해운대구 중동 301,,,617-16-83834,N,영업,051-731-5889,2016-09-27,,부산광역시 해운대구,2026-01-09
씨유 장산스타점,부산광역시,해운대구,"부산광역시 해운대구 양운로42번길 18 (좌동) 110,111호(좌동, 에이원웨이)",부산광역시 해운대구 좌동 1480-2,,,556-08-03224,N,영업,000-000-0000,2025-03-18,,부산광역시 해운대구,2026-01-09
씨유 장산햇별점,부산광역시,해운대구,"부산광역시 해운대구 세실로69번길 5 (좌동) 103호,104호",부산광역시 해운대구 좌동 1465-4,,,438-13-02315,N,영업,000-000-0000,2023-12-28,,부산광역시 해운대구,2026-01-09
씨유 재송그랑점,부산광역시,해운대구,"부산광역시 해운대구 재송1로12, 1층",부산광역시 해운대구 재송동 1071-17,,,817-30-00536,N,영업,000-000-0000,2018-01-25,,부산광역시 해운대구,2026-01-09
씨유 재송동국점,부산광역시,해운대구,"부산광역시 해운대구 재송2로74번길 6, 1층",부산광역시 해운대구 재송동 1153-24,,,716-08-00718,N,영업,000-000-0000,2017-07-27,,부산광역시 해운대구,2026-01-09
씨유 재송동부점,부산광역시,해운대구,부산광역시 해운대구 해운대로153번길 20 (재송동) 1층,부산광역시 해운대구 재송동 1101-8,,,870-06-02715,N,영업,000-000-0000,2023-08-18,,부산광역시 해운대구,2026-01-09
씨유 재송드림점,부산광역시,해운대구,부산광역시 해운대구 해운대로81번길137,부산광역시 해운대구 재송동 1042-2,,,000-00-00000,N,영업,000-000-0000,2016-04-01,,부산광역시 해운대구,2026-01-09
씨유 재송센텀그린점,부산광역시,해운대구,"부산광역시 해운대구 해운대로61번길 61, 1층(반여동)",부산광역시 해운대구 반여동 1291-1219,,,612-24-19268,N,영업,000-000-0000,2019-09-27,,부산광역시 해운대구,2026-01-09
씨유 재송센트럴점,부산광역시,해운대구,부산광역시 해운대구 해운대로143번길 68 (재송동) 재송동,부산광역시 해운대구 재송동 1116-3,,,172-58-00631,N,영업,000-000-0000,2024-05-21,,부산광역시 해운대구,2026-01-09
씨유 재송시영점,부산광역시,해운대구,"부산광역시 해운대구 재반로165번길 82, 19동 지하호,시영아파트",부산광역시 해운대구 재송동 1027,,,262-67-00498,N,영업,000-000-0000,2022-04-12,,부산광역시 해운대구,2026-01-09
씨유 좌동기분좋은점,부산광역시,해운대구,"부산광역시 해운대구 좌동순환로217번길 19 (좌동, 엘아이지건영아파트) 109호(건영주상가)",부산광역시 해운대구 좌동 1414,,,618-02-22416,N,영업,051-701-1671,2017-09-18,,부산광역시 해운대구,2026-01-09
씨유 좌동롯데점,부산광역시,해운대구,"부산광역시 해운대구 세실로 104, 105동 107호",부산광역시 해운대구 좌동 970,,,894-48-00329,N,영업,051-702-0408,2017-12-28,,부산광역시 해운대구,2026-01-09
씨유 좌동삼환점,부산광역시,해운대구,"부산광역시 해운대구 좌동순환로299번길 22, 상가동 지하층 3호(좌동, 삼환아파트)",부산광역시 해운대구 좌동 1445,,,603-47-66034,N,영업,000-000-0000,2018-05-01,,부산광역시 해운대구,2026-01-09
씨유 하이페리온점,부산광역시,해운대구,"부산광역시 해운대구 마린시티1로 155 C-102, 현대하이페리온상가",부산광역시 해운대구 우동 1434-2,,,000-00-00000,N,영업,051-746-9301,2017-05-16,,부산광역시 해운대구,2026-01-09
씨유 해리단길점,부산광역시,해운대구,부산광역시 해운대구 우동1로 86(우동),부산광역시 해운대구 우동 381-6,,,621-34-01010,N,영업,000-000-0000,2017-10-16,,부산광역시 해운대구,2026-01-09
씨유 해운대경동2차점,부산광역시,해운대구,"부산광역시 해운대구 구남로 21 (우동, 해운대 경동리인뷰2차) 301동 115호",부산광역시 해운대구 우동 1565,,,292-07-02775,N,영업,000-000-0000,2024-10-23,,부산광역시 해운대구,2026-01-09
씨유 해운대경동리인뷰점,부산광역시,해운대구,"부산광역시 해운대구 달맞이길 23 (중동, 해운대경동리인뷰1차) 201동 110호",부산광역시 해운대구 중동 1843,,,890-10-02088,N,영업,000-000-0000,2022-04-04,,부산광역시 해운대구,2026-01-09
씨유 해운대구남로점,부산광역시,해운대구,부산광역시 해운대구 구남로 31 (중동) 1층,부산광역시 해운대구 중동 1393-31,,,892-06-01910,N,영업,000-000-0000,2020-07-28,,부산광역시 해운대구,2026-01-09
씨유 해운대달빛정원점,부산광역시,해운대구,부산광역시 해운대구 달맞이길117번나길 155 (중동) 101호,부산광역시 해운대구 중동 1477-2,,,440-16-01057,N,영업,000-000-0000,2019-08-27,,부산광역시 해운대구,2026-01-09
씨유 해운대대림점,부산광역시,해운대구,"부산광역시 해운대구 대천로103번길 47 (좌동, 대림1차아파트) 제분산상가2동 101호,102호",부산광역시 해운대구 좌동 1396,,,278-23-02202,N,영업,000-000-0000,2025-04-23,,부산광역시 해운대구,2026-01-09
씨유 해운대대우2차점,부산광역시,해운대구,"부산광역시 해운대구 좌동순환로 275 (좌동, 대우2차아파트) 109호",부산광역시 해운대구 좌동 1438,,,664-55-00968,N,영업,000-000-0000,2025-06-24,,부산광역시 해운대구,2026-01-09
씨유 해운대동백점,부산광역시,해운대구,부산광역시 해운대구 해운대해변로209번길 11-1 (우동),부산광역시 해운대구 우동 878-4,,,618-01-16843,N,영업,000-000-0000,2023-07-17,,부산광역시 해운대구,2026-01-09
씨유 해운대동부점,부산광역시,해운대구,"부산광역시 해운대구 해운대로 428, 상가동",부산광역시 해운대구 우동 1008-7,,,794-77-00392,N,영업,000-000-0000,2021-09-08,,부산광역시 해운대구,2026-01-09
씨유 해운대동원비스타점,부산광역시,해운대구,"부산광역시 해운대구 해운대로 663 (우동, 해운대비스타동원) 1층 102호, 103호",부산광역시 해운대구 우동 1549,,,763-13-02773,N,영업,000-000-0000,2025-01-07,,부산광역시 해운대구,2026-01-09
씨유 해운대두산제니스점,부산광역시,해운대구,"부산광역시 해운대구 마린시티2로 33 (우동, 해운대두산위브더제니스) 104동 128호",부산광역시 해운대구 우동 1407,,,552-03-03396,N,영업,000-000-0000,2024-02-21,,부산광역시 해운대구,2026-01-09
씨유 해운대라뮤에뜨호텔,부산광역시,해운대구,"부산광역시 해운대구 해운대로 620, 125호",부산광역시 해운대구 우동 539-10,,,173-69-00310,N,영업,000-000-0000,2022-09-16,,부산광역시 해운대구,2026-01-09
씨유 해운대마리나점,부산광역시,해운대구,"부산광역시 해운대구 해운대해변로 141, 101호, 대우마리나2차상가",부산광역시 해운대구 우동 1388-4,,,000-00-00000,N,영업,000-000-0000,2017-05-16,,부산광역시 해운대구,2026-01-09
씨유 해운대마리안느호텔,부산광역시,해운대구,"부산광역시 해운대구 해운대해변로 310, 1층(중동, 마리안느호텔)",부산광역시 해운대구 중동 1400-24,,,806-38-01002,N,영업,000-000-0000,2017-07-06,,부산광역시 해운대구,2026-01-09
씨유 해운대마린파크점,부산광역시,해운대구,"부산광역시 해운대구 마린시티2로 2 (우동) 110-2호,111-1호",부산광역시 해운대구 우동 1405,,,604-19-54009,N,영업,000-000-0000,2025-07-09,,부산광역시 해운대구,2026-01-09
씨유 해운대미포점,부산광역시,해운대구,"부산광역시 해운대구 달맞이길62번길 28, 1층(중동, 미포오션사이드호텔)",부산광역시 해운대구 중동 957-1,,,566-44-00561,N,영업,000-000-0000,2020-07-10,,부산광역시 해운대구,2026-01-09
씨유 해운대블루점,부산광역시,해운대구,부산광역시 해운대구 해운대로570번길 35 (우동),부산광역시 해운대구 우동 634-17,,,587-17-02027,N,영업,000-000-0000,2024-11-08,,부산광역시 해운대구,2026-01-09
씨유 해운대상록점,부산광역시,해운대구,"부산광역시 해운대구 세실로 7 (좌동, 상록아파트) 지하1층, B4호",부산광역시 해운대구 좌동 1331,,,876-28-01851,N,영업,000-000-0000,2025-08-27,,부산광역시 해운대구,2026-01-09
씨유 해운대센텀점,부산광역시,해운대구,부산광역시 해운대구 해운대로 233,부산광역시 해운대구 재송동 94-15,,,606-82-82669,N,영업,051-784-7200,2019-08-01,,부산광역시 해운대구,2026-01-09
씨유 해운대영산대점,부산광역시,해운대구,부산광역시 해운대구 아랫반송로59번길 53 (반송동) 1층,부산광역시 해운대구 반송동 250-658,,,102-08-06378,N,영업,000-000-0000,2022-09-02,,부산광역시 해운대구,2026-01-09
씨유 해운대우동롯데점,부산광역시,해운대구,"부산광역시 해운대구 해운대로483번길 10, 101호(롯데아파트)",부산광역시 해운대구 우동 938,,,215-33-01220,N,영업,000-000-0000,2022-10-18,,부산광역시 해운대구,2026-01-09
씨유 해운대이안점,부산광역시,해운대구,부산광역시 해운대구 좌동순환로15번길 9-8 (좌동) 좌동,부산광역시 해운대구 좌동 1355-1,,,353-01-02869,N,영업,000-000-0000,2023-07-20,,부산광역시 해운대구,2026-01-09
씨유 해운대중동동일점,부산광역시,해운대구,"부산광역시 해운대구 해운대해변로 394,동일아파트 상가동 101호(중1동)",부산광역시 해운대구 중동 1763,,,505-26-24303,N,영업,000-000-0000,2020-07-21,,부산광역시 해운대구,2026-01-09
씨유 해운마루점,부산광역시,해운대구,"부산광역시 해운대구 달맞이길117번나길 93 (중동, 오션하이힐) 지하1층 101호",부산광역시 해운대구 중동 1483-14,,,594-27-01082,N,영업,000-000-0000,2019-10-23,,부산광역시 해운대구,2026-01-09
씨유뉴해운대백병원점,부산광역시,해운대구,부산광역시 해운대구 좌동순환로249번길 21 (좌동) 1층109호,부산광역시 해운대구 좌동 1431,,,266-72-00494,N,영업,051-701-7908,2017-05-16,,부산광역시 해운대구,2026-01-09
씨유대동사거리,부산광역시,해운대구,"부산광역시 해운대구 좌동순환로 173, 101호 (좌동, 영풍상가1층)",부산광역시 해운대구 좌동 1407-2,,,617-28-95560,N,영업,051-703-5538,2016-01-19,,부산광역시 해운대구,2026-01-09
씨유반송럭키점,부산광역시,해운대구,부산광역시 해운대구 아랫반송로 6번길 15,부산광역시 해운대구 반송동 744-17,,,846-18-00610,N,영업,000-000-0000,2017-04-25,,부산광역시 해운대구,2026-01-09
씨유반송하늘점,부산광역시,해운대구,"부산광역시 해운대구 신반송로 102,212-101",부산광역시 해운대구 반송동 872,,,511-82-69714,N,영업,051-545-7747,2017-06-28,,부산광역시 해운대구,2026-01-09
씨유반여드림점,부산광역시,해운대구,"부산광역시 해운대구 선수촌로177번길 5, 1층(반여동)",부산광역시 해운대구 반여동 885-3,,,403-39-00607,N,영업,051-531-8332,2020-10-20,,부산광역시 해운대구,2026-01-09
씨유반여센텀스마트점,부산광역시,해운대구,"부산광역시 해운대구 반여로155번길 35-55, 센텀스마트 101호,102호(반여1",부산광역시 해운대구 반여동 1234-1,,,782-16-01140,N,영업,000-000-0000,2020-07-17,,부산광역시 해운대구,2026-01-09
씨유반여아시아드점,부산광역시,해운대구,"부산광역시 해운대구 선수촌로 104-16 (반여동) 네오플라자 1층 103,104호",부산광역시 해운대구 반여동 1206-1,,,617-24-55779,N,영업,000-000-0000,2019-10-21,,부산광역시 해운대구,2026-01-09
씨유반여캐슬점,부산광역시,해운대구,"부산광역시 해운대구 반여로 68-12 센텀롯데캐슬2차아파트 1층 1동 103,104호",부산광역시 해운대구 반여동 1660,,,338-18-00313,N,영업,051-523-6478,2017-10-07,,부산광역시 해운대구,2026-01-09
씨유센텀두산위브,부산광역시,해운대구,부산광역시 해운대구 해운대로 383번길 70 센텀두산위브상가 201동 101-1호,부산광역시 해운대구 우동 1105-3,,,000-00-00000,N,영업,000-000-0000,2019-10-25,,부산광역시 해운대구,2026-01-09
씨유센텀파크점,부산광역시,해운대구,"부산광역시 해운대구 센텀중앙로 142 상가2동 101,110호",부산광역시 해운대구 재송동 1197,,,617-20-89645,N,영업,051-703-8007,2022-10-31,,부산광역시 해운대구,2026-01-09
씨유송정블루점,부산광역시,해운대구,"부산광역시 해운대구 송정광어골로 47, 101호",부산광역시 해운대구 송정동 437-1,,,509-06-51202,N,영업,000-000-0000,2017-07-11,,부산광역시 해운대구,2026-01-09
씨유재송골든점,부산광역시,해운대구,부산광역시 해운대구 재반로125번길 30,부산광역시 해운대구 재송동 1048-3,,,000-00-00000,N,영업,000-000-0000,2017-05-16,,부산광역시 해운대구,2026-01-09
씨유중동어울림점,부산광역시,해운대구,부산광역시 해운대구 좌동순환로 446번길 14,부산광역시 해운대구 중동 921-3,,,121-43-91595,N,영업,000-000-0000,2017-06-05,,부산광역시 해운대구,2026-01-09
씨유해운대 경남선경점,부산광역시,해운대구,"부산광역시 해운대구 청사포로 27(좌동, 경남선경아파트상가215동 217호)",부산광역시 해운대구 좌동 1448,,,000-00-00000,N,영업,051-703-4595,2017-05-16,,부산광역시 해운대구,2026-01-09
씨유해운대달맞이점,부산광역시,해운대구,부산광역시 해운대구 달맞이길117번길 59(중2동),부산광역시 해운대구 중동 1511-4,,,744-22-01019,N,영업,051-746-1510,2020-11-04,,부산광역시 해운대구,2026-01-09
씨유해운대롯데스타점,부산광역시,해운대구,"부산광역시 해운대구 중동2로34번길 15, 상가동121호(롯데캐슬스타)",부산광역시 해운대구 중동 1839,,,175-23-01068,N,영업,000-000-0000,2021-02-08,,부산광역시 해운대구,2026-01-09
씨유해운대아이파크마린점,부산광역시,해운대구,"부산광역시 해운대구 마린시티2로 38, I-PARK 제판매동 109호, 116호",부산광역시 해운대구 우동 1408,,,533-51-00540,N,영업,000-000-0000,2018-11-23,,부산광역시 해운대구,2026-01-09
씨유해운대플러스,부산광역시,해운대구,부산광역시 해운대구 해운대로636,부산광역시 해운대구 우동 602-6,,,607-82-79264,N,영업,051-742-2808,2022-09-23,,부산광역시 해운대구,2026-01-09
씨유해운대힐스테이트점,부산광역시,해운대구,"부산광역시 해운대구 좌동순환로433번길 30-1, 108호 외(중2동)",부산광역시 해운대구 중동 1809,,,382-07-01540,N,영업,051-746-2227,2020-06-02,,부산광역시 해운대구,2026-01-09
아이마트,부산광역시,해운대구,부산광역시 해운대구 재반로 239 (반여동) 1층,부산광역시 해운대구 반여동 1291-230,,,525-23-01040,N,영업,051-784-9666,2020-04-27,,부산광역시 해운대구,2026-01-09
아이마트,부산광역시,해운대구,부산광역시 해운대구 해운대로76번길 16 (재송동) 재송동,부산광역시 해운대구 재송동 933-31,,,144-04-02214,N,영업,051-704-9300,2017-05-16,,부산광역시 해운대구,2026-01-09
애니타임해운대,부산광역시,해운대구,부산광역시 해운대구 해운대로 649 (우동) 애니타임,부산광역시 해운대구 우동 564-11,,,000-00-00000,N,영업,051-731-6009,2017-07-14,,부산광역시 해운대구,2026-01-09
에스(S)마트(재송점),부산광역시,해운대구,"부산광역시 해운대구 재반로 150, 202호, 보라SKY타운",부산광역시 해운대구 재송동 1145-1,,,431-40-00724,N,영업,051-783-1666,2021-03-19,,부산광역시 해운대구,2026-01-09
에스마트,부산광역시,해운대구,"부산광역시 해운대구 해운대로 469번길 132,1층",부산광역시 해운대구 우동 1072-71,,,000-00-00000,N,영업,051-747-0102,2017-05-16,,부산광역시 해운대구,2026-01-09
여기슈퍼,부산광역시,해운대구,부산광역시 해운대구 선수촌로 207번길 31(반여동),부산광역시 해운대구 반여동 763,,,000-00-00000,N,영업,051-525-8075,2017-05-16,,부산광역시 해운대구,2026-01-09
영광쌀창고,부산광역시,해운대구,부산광역시 해운대구 윗반송로51번길 83-16 (반송동),부산광역시 해운대구 반송동 40-718,,,000-00-00000,N,영업,051-543-6464,2017-05-16,,부산광역시 해운대구,2026-01-09
영덕슈퍼,부산광역시,해운대구,부산광역시 해운대구 구남로29번길 21,부산광역시 해운대구 중동 1380-14,,,000-00-00000,N,영업,051-747-1972,2017-05-16,,부산광역시 해운대구,2026-01-09
영진슈퍼,부산광역시,해운대구,부산광역시 해운대구 반여로167번가길 6,부산광역시 해운대구 반여동 987-44,,,000-00-00000,N,영업,051-529-2741,2017-05-16,,부산광역시 해운대구,2026-01-09
오케이 플러스 마트,부산광역시,해운대구,부산광역시 해운대구 양운로 40 (좌동) 1층(봉황빌딩),부산광역시 해운대구 좌동 1486-1 봉황빌딩,,,712-05-03105,N,영업,051-704-0055,2024-10-25,,부산광역시 해운대구,2026-01-09
오케이마트,부산광역시,해운대구,"부산광역시 해운대구 신반송로 151, 지하층1호 (반송동, 반송종합상가)",부산광역시 해운대구 반송동 879-2 반송종합상가,,,296-05-02754,N,영업,051-545-2900,2022-06-24,,부산광역시 해운대구,2026-01-09
우리상회,부산광역시,해운대구,부산광역시 해운대구 아랫반송로50번길 87,부산광역시 해운대구 반송동 744-132,,,000-00-00000,N,영업,051-544-5683,2017-05-16,,부산광역시 해운대구,2026-01-09
우진상회,부산광역시,해운대구,부산광역시 해운대구 삼어로 95,부산광역시 해운대구 반여동 1063-4,,,000-00-00000,N,영업,051-529-5033,2017-05-16,,부산광역시 해운대구,2026-01-09
운봉마트,부산광역시,해운대구,부산광역시 해운대구 아랫반송로21번길 136,부산광역시 해운대구 반송동 275-174,,,000-00-00000,N,영업,051-542-4988,2017-05-16,,부산광역시 해운대구,2026-01-09
위드미 송정해수욕장점,부산광역시,해운대구,"부산광역시 해운대구 송정해변로 16-1, 1,2층",부산광역시 해운대구 송정동 289-12,,,219-50-00313,N,영업,000-000-0000,2017-08-30,,부산광역시 해운대구,2026-01-09
위드미편의점,부산광역시,해운대구,부산광역시 해운대구 세실로 126,부산광역시 해운대구 좌동 1298,,,000-00-00000,N,영업,000-000-0000,2017-06-22,,부산광역시 해운대구,2026-01-09
이랜드리테일 해운대점,부산광역시,해운대구,부산광역시 해운대구 해운대로 813 (좌동) 지하2층,부산광역시 해운대구 좌동 1467-4,,,617-85-31268,N,영업,000-000-0000,2025-09-19,,부산광역시 해운대구,2026-01-09
이마트24 R송정1단지점,부산광역시,해운대구,"부산광역시 해운대구 송정1로 20 (송정동, 송정1단지주공아파트) 104,105,106호",부산광역시 해운대구 송정동 929,,,622-60-00731,N,영업,000-000-0000,2024-04-04,,부산광역시 해운대구,2026-01-09
이마트24 R좌동화목점,부산광역시,해운대구,"부산광역시 해운대구 세실로 64 (좌동, 화목데파트) 상가동 1층 101호, 110호",부산광역시 해운대구 좌동 1314-2,,,503-53-80173,N,영업,000-000-0000,2023-06-19,,부산광역시 해운대구,2026-01-09
이마트24 R해운대청사포점,부산광역시,해운대구,부산광역시 해운대구 청사포로 129(중동),부산광역시 해운대구 중동 530,,,484-30-00734,N,영업,000-000-0000,2019-01-04,,부산광역시 해운대구,2026-01-09
이마트24 동부산대점,부산광역시,해운대구,부산광역시 해운대구 운봉길 57,부산광역시 해운대구 반송동 640-34,,,607-16-68291,N,영업,051-542-1421,2017-10-10,,부산광역시 해운대구,2026-01-09
이마트24 마린시티 썬프라자점,부산광역시,해운대구,"부산광역시 해운대구 마린시티3로, 117호",부산광역시 해운대구 우동 1434 선프라자,,,121-69-62033,N,영업,000-000-0000,2018-02-01,,부산광역시 해운대구,2026-01-09
이마트24 반송삼한점,부산광역시,해운대구,부산광역시 해운대구 신반송로 170,부산광역시 해운대구 반송동 877-4,,,813-05-02321,N,영업,000-000-0000,2021-01-12,,부산광역시 해운대구,2026-01-09
이마트24 반여우성점,부산광역시,해운대구,부산광역시 해운대구 반여로155번길 38 (반여동),부산광역시 해운대구 반여동 1015-3,,,357-03-03113,N,영업,000-000-0000,2023-10-04,,부산광역시 해운대구,2026-01-09
이마트24 반여한솔타운점,부산광역시,해운대구,"부산광역시 해운대구 삼어로 103 (반여동, 벽산반여한솔타운) 상가동 101,102호",부산광역시 해운대구 반여동 1063-2,,,419-06-02882,N,영업,000-000-0000,2025-04-23,,부산광역시 해운대구,2026-01-09
이마트24 베이타워송정점,부산광역시,해운대구,"부산광역시 해운대구 송정강변로 9 (송정동, 베이 타워) 101호, 102호 일부, 103호 일부",부산광역시 해운대구 송정동 206-11,,,641-50-00602,N,영업,000-000-0000,2020-02-21,,부산광역시 해운대구,2026-01-09
이마트24 부산아쿠아리움점,부산광역시,해운대구,"부산광역시 해운대구 해운대해변로 266, B1층(중동, 씨라이프 부산아쿠아리움)",부산광역시 해운대구 중동 1411-4,,,412-24-01585,N,영업,000-000-0000,2023-05-19,,부산광역시 해운대구,2026-01-09
이마트24 센텀우방신세계점,부산광역시,해운대구,"부산광역시 해운대구 삼어로 61 (반여동, 우방신세계아파트) 117동 지하층 101호",부산광역시 해운대구 반여동 1190-1,,,716-63-00702,N,영업,000-000-0000,2023-11-01,,부산광역시 해운대구,2026-01-09
이마트24 센텀프리미어호텔점,부산광역시,해운대구,"부산광역시 해운대구 센텀1로 17, 103호, 센텀프리미어호텔",부산광역시 해운대구 우동 1521,,,234-55-00369,N,영업,000-000-0000,2018-02-26,,부산광역시 해운대구,2026-01-09
이마트24 송정휴먼지아점,부산광역시,해운대구,"부산광역시 해운대구 해운대로 1188, 송정2지구내상가103,104",부산광역시 해운대구 송정동 934,,,606-11-36637,N,영업,000-000-0000,2018-10-10,,부산광역시 해운대구,2026-01-09
이마트24 좌동부흥점,부산광역시,해운대구,"부산광역시 해운대구 좌동순환로217번길 7 (좌동, 동신아파트) 상가동 107호",부산광역시 해운대구 좌동 1302,,,000-00-00000,N,영업,000-000-0000,2023-07-17,,부산광역시 해운대구,2026-01-09
이마트24 좌동푸르지오점,부산광역시,해운대구,"부산광역시 해운대구 세실로 19 (좌동, 해운대대우1차아파트) 지하층 5호",부산광역시 해운대구 좌동 1333,,,728-01-00124,N,영업,051-701-3235,2022-11-02,,부산광역시 해운대구,2026-01-09
이마트24 해운대달맞이점,부산광역시,해운대구,부산광역시 해운대구 달맞이길117번가길 105(중2동),부산광역시 해운대구 중동 1500-11,,,721-01-02761,N,영업,000-000-0000,2020-09-15,,부산광역시 해운대구,2026-01-09
이마트24 해운대동백제니스점,부산광역시,해운대구,"부산광역시 해운대구 해운대로 540 (우동, 해운대 동백 두산위브더제니스) 104동 101호",부산광역시 해운대구 우동 1544,,,347-01-03752,N,영업,000-000-0000,2025-03-13,,부산광역시 해운대구,2026-01-09
이마트24 해운대반여,부산광역시,해운대구,부산광역시 해운대구 재반로 224-1,부산광역시 해운대구 반여동 1291-507,,,509-29-00866,N,영업,000-000-0000,2019-10-28,,부산광역시 해운대구,2026-01-09
이마트24 해운대센텀파크점,부산광역시,해운대구,"부산광역시 해운대구 센텀중앙로145(재송동,더샵센텀1차상가)2동126호103호",부산광역시 해운대구 재송동 1200,,,617-23-49926,N,영업,051-741-4742,2019-09-05,,부산광역시 해운대구,2026-01-09
이마트24 해운대수목원 DT점,부산광역시,해운대구,부산광역시 해운대구 반송로619,부산광역시 해운대구 석대동 302,,,528-37-00498,N,영업,051-524-5004,2022-10-18,,부산광역시 해운대구,2026-01-09
이마트24 해운대신라스테이점,부산광역시,해운대구,"부산광역시 해운대구 해운대로 570번길 46, 1층 1호, 2호",부산광역시 해운대구 우동 629-6,,,159-39-00715,N,영업,000-000-0000,2017-07-27,,부산광역시 해운대구,2026-01-09
이마트24 해운대엘본더스테이점,부산광역시,해운대구,"부산광역시 해운대구 구남로21번길 6,102호(중동)",부산광역시 해운대구 중동 1381-5,,,820-13-01306,N,영업,000-000-0000,2023-04-27,,부산광역시 해운대구,2026-01-09
이마트24 해운대오션파라드점,부산광역시,해운대구,"부산광역시 해운대구 해운대해변로298번길 25, 1층 102호~103호(중동, 영무 파라드 호텔)",부산광역시 해운대구 중동 1124-8,,,794-28-01355,N,영업,000-000-0000,2023-03-16,,부산광역시 해운대구,2026-01-09
이마트24 해운대해리단길점,부산광역시,해운대구,부산광역시 해운대구 우동1로20번가길 31,부산광역시 해운대구 우동 449-3,,,508-10-92610,N,영업,000-000-0000,2021-04-12,,부산광역시 해운대구,2026-01-09
이마트24 협성프라임빌점,부산광역시,해운대구,"부산광역시 해운대구 우동2로 93, 상가동 지하층 101호, 협성프라임빌",부산광역시 해운대구 우동 333,,,861-10-02038,N,영업,000-000-0000,2019-12-23,,부산광역시 해운대구,2026-01-09
이마트24센텀강변현대점,부산광역시,해운대구,"부산광역시 해운대구 삼어로131, 상가동101호(반여현대아파트)",부산광역시 해운대구 반여동 1088,,,823-44-00542,N,영업,000-000-0000,2020-02-21,,부산광역시 해운대구,2026-01-09
이마트24센텀반여재송점,부산광역시,해운대구,부산광역시 해운대구 해운대로61번길 64 (반여동) 1층,부산광역시 해운대구 반여동 1291-1215,,,111-11-11110,N,영업,000-000-0000,2024-05-24,,부산광역시 해운대구,2026-01-09
이마트24에이치스위트해운대점,부산광역시,해운대구,"부산광역시 해운대구 해운대로 601, 106호",부산광역시 해운대구 우동 524-5,,,120-20-00715,N,영업,000-000-0000,2018-04-25,,부산광역시 해운대구,2026-01-09
이마트24재송센트레빌점,부산광역시,해운대구,부산광역시 해운대구 해운대로177번길 34,부산광역시 해운대구 재송동 410,,,544-48-00763,N,영업,000-000-0000,2022-04-04,,부산광역시 해운대구,2026-01-09
이마트24해운대제일,부산광역시,해운대구,부산광역시 해운대구 우동1로 71번길 6-13,부산광역시 해운대구 우동 388-9,,,615-12-76417,N,영업,051-741-8338,2016-11-03,,부산광역시 해운대구,2026-01-09
이웃사촌,부산광역시,해운대구,"부산광역시 해운대구 대천로 205 (좌동, 벽산1차아파트) 분산상가 102호",부산광역시 해운대구 좌동 1321,,,000-00-00000,N,영업,051-702-5836,2017-05-16,,부산광역시 해운대구,2026-01-09
이주슈퍼,부산광역시,해운대구,부산광역시 해운대구 해운대로91번길 40,부산광역시 해운대구 재송동 210-1,,,000-00-00000,N,영업,051-782-2002,2017-05-16,,부산광역시 해운대구,2026-01-09
일번지스토아,부산광역시,해운대구,부산광역시 해운대구 재반로212번길 19,부산광역시 해운대구 반여동 1291-470,,,000-00-00000,N,영업,051-782-2402,2017-05-16,,부산광역시 해운대구,2026-01-09
자연애메가푸드마켓,부산광역시,해운대구,부산광역시 해운대구 해운대해변로 117,부산광역시 해운대구 우동 1388-4,,,335-85-02139,N,영업,051-741-3008,2022-12-27,,부산광역시 해운대구,2026-01-09
자이마트 장산점,부산광역시,해운대구,"부산광역시 해운대구 청사포로 27, 제상가동 제비층 제1호(좌동,경남선경)",부산광역시 해운대구 좌동 1448,,,522-08-00961,N,영업,000-000-0000,2019-02-15,,부산광역시 해운대구,2026-01-09
장산빅마트,부산광역시,해운대구,부산광역시 해운대구 재송2로89번길 3 (재송동) 1층,부산광역시 해운대구 재송동 1167-12,,,000-00-00000,N,영업,051-784-0407,2017-05-16,,부산광역시 해운대구,2026-01-09
장산슈퍼,부산광역시,해운대구,부산광역시 해운대구 재반로241번길 19,부산광역시 해운대구 반여동 1291-295,,,214-73-68336,N,영업,051-782-7373,2020-05-26,,부산광역시 해운대구,2026-01-09
정육잡화점,부산광역시,해운대구,"부산광역시 해운대구 삼어로 149 (반여동, 센텀SD) 상가동 정육식육점",부산광역시 해운대구 반여동 692-6,,,000-00-00000,N,영업,051-526-0745,2017-05-16,,부산광역시 해운대구,2026-01-09
주공옷수선,부산광역시,해운대구,"부산광역시 해운대구 신반송로 200 (반송동, 주공아파트) 주공옷수선",부산광역시 해운대구 반송동 77,,,000-00-00000,N,영업,051-542-1029,2017-05-16,,부산광역시 해운대구,2026-01-09
주식회사 10분만에,부산광역시,해운대구,부산광역시 해운대구 마린시티1로 147 (우동) 1층 102호,부산광역시 해운대구 우동 1435-1,,,149-87-03211,N,영업,000-000-0000,2023-10-13,,부산광역시 해운대구,2026-01-09
주식회사 다원누리,부산광역시,해운대구,부산광역시 해운대구 윗반송로 81 (반송동),부산광역시 해운대구 반송동 62-376,,,371-88-03474,N,영업,000-000-0000,2025-10-27,,부산광역시 해운대구,2026-01-09
주식회사 만복유통,부산광역시,해운대구,"부산광역시 해운대구 아랫반송로21번길 41 (반송동, 반송시장) 농심가 아랫반송점",부산광역시 해운대구 반송동 709-12,,,429-87-01104,N,영업,051-545-3008,2018-12-17,,부산광역시 해운대구,2026-01-09
㈜쿱스토어 부산중동점,부산광역시,해운대구,부산광역시 해운대구 해운대로 726 (중동) 대동빌딩 1층,부산광역시 해운대구 중동 1766-2,,,617-86-14868,N,영업,051-747-2164,2018-10-16,,부산광역시 해운대구,2026-01-09
㈜쿱스토어부산 반여점,부산광역시,해운대구,부산광역시 해운대구 선수촌로 57-30 (반여동) 1층,부산광역시 해운대구 반여동 1470-76,,,617-86-14868,N,영업,051-525-6250,2018-10-16,,부산광역시 해운대구,2026-01-09
㈜쿱스토어부산 좌동점,부산광역시,해운대구,"부산광역시 해운대구 대천로 132 (좌동) 1,2층",부산광역시 해운대구 좌동 425-11,,,617-86-14868,N,영업,051-702-2369,2018-10-16,,부산광역시 해운대구,2026-01-09
㈜쿱스토어부산 해운대마린시티점,부산광역시,해운대구,"부산광역시 해운대구 마린시티2로 33 (우동, 해운대두산위브더제니스) 104동 147호,148호",부산광역시 해운대구 우동 1407,,,617-86-14868,N,영업,051-710-2526,2018-10-16,,부산광역시 해운대구,2026-01-09
준호슈퍼,부산광역시,해운대구,부산광역시 해운대구 우동1로38번길 31,부산광역시 해운대구 우동 148-10,,,000-00-00000,N,영업,051-743-4346,2017-05-16,,부산광역시 해운대구,2026-01-09
중일슈퍼,부산광역시,해운대구,부산광역시 해운대구 달맞이길 29-21(중동),부산광역시 해운대구 중동 1157-3,,,618-03-13229,N,영업,051-746-8448,2017-05-16,,부산광역시 해운대구,2026-01-09
지에스(GS)25  해운송정로,부산광역시,해운대구,부산광역시 해운대구 해운대로 1084-1 (송정동) 1층,부산광역시 해운대구 송정동 139-12,,,695-59-00621,N,영업,000-000-0000,2024-08-08,,부산광역시 해운대구,2026-01-09
지에스(GS)25 국제외고점,부산광역시,해운대구,"부산광역시 해운대구 해운대로469번길 8, 1층 102호(우동)",부산광역시 해운대구 우동 963-4,,,499-73-00349,N,영업,000-000-0000,2020-02-24,,부산광역시 해운대구,2026-01-09
지에스(GS)25 꿈에 그린점,부산광역시,해운대구,"부산광역시 해운대구 반여로 67, 116동 102호(반여동)",부산광역시 해운대구 반여동 1662,,,205-04-52528,N,영업,051-526-9571,2020-12-18,,부산광역시 해운대구,2026-01-09
지에스(GS)25 달맞이 공원점,부산광역시,해운대구,"부산광역시 해운대구 달맞이길 193, 1층(중동)",부산광역시 해운대구 중동 1489-4,,,652-10-01871,N,영업,051-746-2371,2020-09-23,,부산광역시 해운대구,2026-01-09
지에스(GS)25 대림해운대점,부산광역시,해운대구,"부산광역시 해운대구 대천로103번길 9 (좌동, 대림2차아파트) 분산상가동 101호,102호",부산광역시 해운대구 좌동 1286,,,170-18-02388,N,영업,000-000-0000,2025-06-05,,부산광역시 해운대구,2026-01-09
지에스(GS)25 라비드 아틀란점,부산광역시,해운대구,"부산광역시 해운대구 구남로 37, 107호(중동, 라비드아틀란)",부산광역시 해운대구 중동 1392-166,,,670-37-00784,N,영업,000-000-0000,2019-12-18,,부산광역시 해운대구,2026-01-09
지에스(GS)25 반송 복동이점,부산광역시,해운대구,"부산광역시 해운대구 신반송로 163, 남흥아파트 상가6동 101호",부산광역시 해운대구 반송동 887,,,510-40-00935,N,영업,000-000-0000,2020-12-14,,부산광역시 해운대구,2026-01-09
지에스(GS)25 반송점,부산광역시,해운대구,부산광역시 해운대구 아랫반송로21번길 2 (반송동) 반송동,부산광역시 해운대구 반송동 257-337,,,884-18-02245,N,영업,000-000-0000,2024-09-09,,부산광역시 해운대구,2026-01-09
지에스(GS)25 반여네오플러스점,부산광역시,해운대구,"부산광역시 해운대구 선수촌로 124 (반여동) 101호,102호",부산광역시 해운대구 반여동 1631,,,174-60-00912,N,영업,000-000-0000,2025-08-14,,부산광역시 해운대구,2026-01-09
지에스(GS)25 센텀리슈빌점,부산광역시,해운대구,"부산광역시 해운대구 해운대로76번길 40, 상가동 1호(재송동)",부산광역시 해운대구 재송동 1350,,,798-21-01154,N,영업,000-000-0000,2020-08-07,,부산광역시 해운대구,2026-01-09
지에스(GS)25 센텀이편한점,부산광역시,해운대구,"부산광역시 해운대구 해운대로76번길 55,503동 103-1호,104호(재송동)",부산광역시 해운대구 재송동 939-2,,,285-28-00793,N,영업,000-000-0000,2020-07-07,,부산광역시 해운대구,2026-01-09
지에스(GS)25 송정중앙로점,부산광역시,해운대구,부산광역시 해운대구 송정중앙로 25 (송정동),부산광역시 해운대구 송정동 200-19 송정 빌딩,,,116-03-17336,N,영업,000-000-0000,2024-11-29,,부산광역시 해운대구,2026-01-09
지에스(GS)25 송정해변로점,부산광역시,해운대구,부산광역시 해운대구 송정광어골로 24 (송정동),부산광역시 해운대구 송정동 422-2,,,617-27-77167,N,영업,051-701-0948,2017-05-16,,부산광역시 해운대구,2026-01-09
지에스(GS)25 재송스타점,부산광역시,해운대구,"부산광역시 해운대구 재송2로 30 (재송동) 1층(재송동, 프라임빌딩)",부산광역시 해운대구 재송동 1153-1 프라임빌딩,,,582-24-01899,N,영업,000-000-0000,2025-08-29,,부산광역시 해운대구,2026-01-09
지에스(GS)25 재송시영점,부산광역시,해운대구,부산광역시 해운대구 재송1로 57 (재송동) 1층,부산광역시 해운대구 재송동 1055-6,,,451-08-02973,N,영업,000-000-0000,2024-07-23,,부산광역시 해운대구,2026-01-09
지에스(GS)25 재송코오롱점,부산광역시,해운대구,부산광역시 해운대구 재반로84번길 80(재송1동),부산광역시 해운대구 재송동 1123-6,,,758-09-01611,N,영업,051-781-6194,2020-09-25,,부산광역시 해운대구,2026-01-09
지에스(GS)25 좌동사랑점,부산광역시,해운대구,"부산광역시 해운대구 좌동로53번길 24, 1층(중동)",부산광역시 해운대구 중동 187-1,,,737-24-01179,N,영업,000-000-0000,2020-09-28,,부산광역시 해운대구,2026-01-09
지에스(GS)25 좌동한라점,부산광역시,해운대구,"부산광역시 해운대구 좌동순환로 280, 한라아파트 상가동 1층 102호(좌2동)",부산광역시 해운대구 좌동 1323 한라아파트,,,430-30-01129,N,영업,000-000-0000,2020-06-08,,부산광역시 해운대구,2026-01-09
지에스(GS)25 파라다이스점,부산광역시,해운대구,부산광역시 해운대구 해운대해변로298번길 9 (중동),부산광역시 해운대구 중동 1404-39,,,490-72-00495,N,영업,000-000-0000,2025-02-10,,부산광역시 해운대구,2026-01-09
지에스(GS)25 팔레드시즈점,부산광역시,해운대구,"부산광역시 해운대구 해운대해변로298번길 24 (중동) 상가1-5호(중동, 팔레드시즈)",부산광역시 해운대구 중동 1124-2,,,822-03-03785,N,영업,000-000-0000,2025-10-15,,부산광역시 해운대구,2026-01-09
지에스(GS)25 해운SK뷰점,부산광역시,해운대구,"부산광역시 해운대구 청사포로 12 (좌동, 에스케이뷰아파트) 상가 가동 105호, 106호",부산광역시 해운대구 좌동 1450,,,889-67-00615,N,영업,000-000-0000,2024-07-26,,부산광역시 해운대구,2026-01-09
지에스(GS)25 해운대골든튤립점,부산광역시,해운대구,"부산광역시 해운대구 해운대해변로 322,해운대골든튤립호텔상가101호,102호",부산광역시 해운대구 중동 1153-8,,,106-28-93631,N,영업,000-000-0000,2020-01-10,,부산광역시 해운대구,2026-01-09
지에스(GS)25 해운대엘시티점,부산광역시,해운대구,부산광역시 해운대구 달맞이길62번길 8-1 (중동) 1층,부산광역시 해운대구 중동 944-14,,,639-37-01287,N,영업,000-000-0000,2024-11-05,,부산광역시 해운대구,2026-01-09
지에스(GS)25 해운대하운드,부산광역시,해운대구,부산광역시 해운대구 해운대로594번길 15 (우동) 1층,부산광역시 해운대구 우동 637-9,,,126-42-01164,N,영업,000-000-0000,2025-01-16,,부산광역시 해운대구,2026-01-09
지에스(GS)25 해운재송점,부산광역시,해운대구,"부산광역시 해운대구 해운대로123번길 32, 1층",부산광역시 해운대구 재송동 1092-34,,,746-25-01170,N,영업,051-781-5083,2019-05-13,,부산광역시 해운대구,2026-01-09
지에스(GS)25 해운현대아쿠아점,부산광역시,해운대구,부산광역시 해운대구 동백로 27 (우동) B1층,부산광역시 해운대구 우동 774-4,,,509-62-41559,N,영업,000-000-0000,2025-03-24,,부산광역시 해운대구,2026-01-09
지에스(GS)25오션타워점,부산광역시,해운대구,부산광역시 해운대구 해운대해변로 203 오션타워 225호,부산광역시 해운대구 우동 760-3,,,000-00-00000,N,영업,000-000-0000,2019-01-30,,부산광역시 해운대구,2026-01-09
지에스(GS)25해운달맞이점,부산광역시,해운대구,부산광역시 해운대구 달맞이길117번나길 35 (중동 1493-18),부산광역시 해운대구 중동 1493-18,,,815-22-01174,N,영업,000-000-0000,2021-01-12,,부산광역시 해운대구,2026-01-09
지에스25 그랜드엘시티점,부산광역시,해운대구,"부산광역시 해운대구 달맞이길 30 (중동, 엘시티) 상가동 1층 1029호",부산광역시 해운대구 중동 1829,,,605-28-75391,N,영업,000-000-0000,2025-01-23,,부산광역시 해운대구,2026-01-09
지에스25 꿈에그린2호점,부산광역시,해운대구,"부산광역시 해운대구 반여로 67 (반여동, 해운대메가센텀한화꿈에그린아파트) 상가 115동 102호",부산광역시 해운대구 반여동 1662,,,105-34-35565,N,영업,000-000-0000,2018-03-20,,부산광역시 해운대구,2026-01-09
지에스25 반송제일점,부산광역시,해운대구,부산광역시 해운대구 아랫반송로 60번길 48,부산광역시 해운대구 반송동 250-1045,,,228-04-61957,N,영업,000-000-0000,2022-04-14,,부산광역시 해운대구,2026-01-09
지에스25 반송행복점,부산광역시,해운대구,부산광역시 해운대구 아랫반송로 67-1 (반송동) 1층,부산광역시 해운대구 반송동 250-1045,,,439-48-00990,N,영업,000-000-0000,2024-01-24,,부산광역시 해운대구,2026-01-09
지에스25 반여SK뷰점,부산광역시,해운대구,"부산광역시 해운대구 삼어로 55 (반여동, 센텀에스케이뷰아파트) 분산상가동 1층 101,103호",부산광역시 해운대구 반여동 1174-1,,,424-02-00985,N,영업,000-000-0000,2018-08-24,,부산광역시 해운대구,2026-01-09
지에스25 반여점,부산광역시,해운대구,부산광역시 해운대구 재반로 257 1층,부산광역시 해운대구 반여동 1603-23,,,642-15-01957,N,영업,051-781-2577,2022-08-02,,부산광역시 해운대구,2026-01-09
지에스25 벡스코동해점,부산광역시,해운대구,"부산광역시 해운대구 해운대로 365 (우동) 103호,105호",부산광역시 해운대구 우동 1124-13,,,646-47-01080,N,영업,000-000-0000,2024-09-25,,부산광역시 해운대구,2026-01-09
지에스25 센텀파미르점,부산광역시,해운대구,"부산광역시 해운대구 해운대로61번길 56 (재송동, 센텀파미르아파트) 108동101호",부산광역시 해운대구 재송동 1029,,,476-09-02630,N,영업,000-000-0000,2024-03-06,,부산광역시 해운대구,2026-01-09
지에스25 스카이비즈센텀점,부산광역시,해운대구,부산광역시 해운대구 센텀중앙로 97 (재송동) A동 C-102호,부산광역시 해운대구 재송동 1208-2,,,342-61-00813,N,영업,000-000-0000,2025-09-02,,부산광역시 해운대구,2026-01-09
지에스25 재송금강점,부산광역시,해운대구,"부산광역시 해운대구 해운대로81번길 84 (재송동, 금강빌라) 재송동",부산광역시 해운대구 재송동 1049-1,,,591-34-01515,N,영업,000-000-0000,2024-05-28,,부산광역시 해운대구,2026-01-09
지에스25 중동로데오,부산광역시,해운대구,부산광역시 해운대구 좌동순환로468번길 11 상가 101호,부산광역시 해운대구 중동 1787,,,442-78-00353,N,영업,000-000-0000,2021-08-20,,부산광역시 해운대구,2026-01-09
지에스25 해운대마리나,부산광역시,해운대구,부산광역시 해운대구 해운대해변로 83,부산광역시 해운대구 우동 1388-10,,,587-21-01248,N,영업,051-741-4447,2021-01-11,,부산광역시 해운대구,2026-01-09
지에스25 해운대아이파크점,부산광역시,해운대구,"부산광역시 해운대구 마린시티2로 38 (우동, 해운대아이파크) 제주2동 1층 제티2알-103,104호",부산광역시 해운대구 우동 1408,,,506-76-00589,N,영업,000-000-0000,2025-02-14,,부산광역시 해운대구,2026-01-09
지에스25 해운대엘시티점,부산광역시,해운대구,부산광역시 해운대구 달맞이길62번길 8-1,부산광역시 해운대구 중동 944-14,,,567-25-01034,N,영업,000-000-0000,2019-12-04,,부산광역시 해운대구,2026-01-09
지에스25 해운송정점,부산광역시,해운대구,부산광역시 해운대구 송정중앙로 41,부산광역시 해운대구 송정동 242-3,,,845-27-01409,N,영업,000-000-0000,2023-01-17,,부산광역시 해운대구,2026-01-09
지에스25 해운스위첸점,부산광역시,해운대구,부산광역시 해운대구 해운대해변로 365 (중동) 상가1층 112호(해운대중동스위첸),부산광역시 해운대구 중동 1256-9,,,146-19-02096,N,영업,000-000-0000,2024-02-20,,부산광역시 해운대구,2026-01-09
지에스25 해운제니스점,부산광역시,해운대구,"부산광역시 해운대구 마린시티2로 33 (우동, 해운대두산위브더제니스) 104동 121호",부산광역시 해운대구 우동 1407,,,531-36-01026,N,영업,000-000-0000,2024-03-07,,부산광역시 해운대구,2026-01-09
지에스25(GS25) 좌동순환로,부산광역시,해운대구,부산광역시 해운대구 좌동순환로 72 (좌동) 103동,부산광역시 해운대구 좌동 1270-5,,,322-14-02905,N,영업,000-000-0000,2024-10-30,,부산광역시 해운대구,2026-01-09
지에스25반송사거리점,부산광역시,해운대구,부산광역시 해운대구 아랫반송로21번길 69 (반송동),부산광역시 해운대구 반송동 261-30,,,101-36-75666,N,영업,000-000-0000,2024-03-06,,부산광역시 해운대구,2026-01-09
지에스25반여재반로점,부산광역시,해운대구,부산광역시 해운대구 재반로226번길 15,부산광역시 해운대구 반여동 1291-173,,,392-44-00688,N,영업,000-000-0000,2021-04-27,,부산광역시 해운대구,2026-01-09
지에스25반여한빛점,부산광역시,해운대구,부산광역시 해운대구 반여로 161 (반여동),부산광역시 해운대구 반여동 1247-1,,,732-35-00147,N,영업,000-000-0000,2016-04-07,,부산광역시 해운대구,2026-01-09
지에스25송정해수욕장점,부산광역시,해운대구,부산광역시 해운대구 송정해변로 8-4 (송정동) 1층,부산광역시 해운대구 송정동 272-3,,,637-54-00542,N,영업,000-000-0000,2021-07-28,,부산광역시 해운대구,2026-01-09
지에스더프레쉬 해운대중동점,부산광역시,해운대구,"부산광역시 해운대구 좌동순환로433번길 30-1, B1010호",부산광역시 해운대구 중동 1809,,,145-60-00063,N,영업,051-747-2333,2015-12-17,,부산광역시 해운대구,2026-01-09
지에스더프레쉬부산엘시티점(주),부산광역시,해운대구,"부산광역시 해운대구 달맞이길 30 (중동, 엘시티) 제포디움동 3008호",부산광역시 해운대구 중동 1829,,,378-81-01629,N,영업,000-000-0000,2024-04-24,,부산광역시 해운대구,2026-01-09
지에스더프레시 대동점,부산광역시,해운대구,"부산광역시 해운대구 대천로103번길 29 (좌동, 대동타운) 지하1층 101호",부산광역시 해운대구 좌동 1288 대동타운,,,250-37-01482,N,영업,000-000-0000,2025-04-24,,부산광역시 해운대구,2026-01-09
지에스더프레시 해운대 동부점,부산광역시,해운대구,"부산광역시 해운대구 세실로 158 (좌동, 동부아파트) 근린생활시설 103호",부산광역시 해운대구 좌동 1412 동부아파트,,,409-49-64011,N,영업,000-000-0000,2024-01-12,,부산광역시 해운대구,2026-01-09
지에스더프레시 해운대마린점,부산광역시,해운대구,"부산광역시 해운대구 마린시티2로 33(두산제니스스퀘어B동101,102호)",부산광역시 해운대구 좌동 1412,,,607-15-18095,N,영업,051-744-9915,2017-05-16,,부산광역시 해운대구,2026-01-09
지에스더프레시 해운대센텀점,부산광역시,해운대구,"부산광역시 해운대구 센텀중앙로 145 (재송동, 더샵센텀파크1차아파트) 201호, 203호",부산광역시 해운대구 재송동 1200,,,840-03-03459,N,영업,051-744-5801,2025-01-09,,부산광역시 해운대구,2026-01-09
지역자활센터 씨유반송대로점,부산광역시,해운대구,부산광역시 해운대구 윗반송로 81(반송동),부산광역시 해운대구 반송동 62-376,,,228-82-65738,N,영업,051-543-6636,2019-11-12,,부산광역시 해운대구,2026-01-09
진영슈퍼,부산광역시,해운대구,부산광역시 해운대구 아랫반송로90번길 17,부산광역시 해운대구 반송동 250-2325,,,000-00-00000,N,영업,051-544-1652,2017-05-16,,부산광역시 해운대구,2026-01-09
진주상회,부산광역시,해운대구,부산광역시 해운대구 해운대로81번가길 63,부산광역시 해운대구 재송동 1025-1,,,000-00-00000,N,영업,051-782-0505,2017-05-16,,부산광역시 해운대구,2026-01-09
진주슈퍼,부산광역시,해운대구,부산광역시 해운대구 송정중앙로15번길 133 (송정동),부산광역시 해운대구 송정동 173-16,,,000-00-00000,N,영업,051-703-8247,2017-05-16,,부산광역시 해운대구,2026-01-09
진진슈퍼,부산광역시,해운대구,부산광역시 해운대구 아랫반송로21번길 23-28 (반송동) 진진슈퍼,부산광역시 해운대구 반송동 709-33,,,000-00-00000,N,영업,051-545-9422,2017-05-16,,부산광역시 해운대구,2026-01-09
철마슈퍼,부산광역시,해운대구,부산광역시 해운대구 선수촌로208번길 81-4,부산광역시 해운대구 반여동 230-2,,,000-00-00000,N,영업,051-523-7088,2017-05-16,,부산광역시 해운대구,2026-01-09
청운슈퍼,부산광역시,해운대구,부산광역시 해운대구 우동3로11번길 37,부산광역시 해운대구 우동 265-34,,,000-00-00000,N,영업,051-742-2930,2017-05-16,,부산광역시 해운대구,2026-01-09
초량슈퍼,부산광역시,해운대구,부산광역시 해운대구 재반로270번길 43-29,부산광역시 해운대구 반여동 1584-9,,,000-00-00000,N,영업,051-782-9123,2017-05-16,,부산광역시 해운대구,2026-01-09
초록마을,부산광역시,해운대구,"부산광역시 해운대구 좌동순환로433번길 30-1, 지하1층",부산광역시 해운대구 중동 1809,,,506-62-00490,N,영업,000-000-0000,2021-10-20,,부산광역시 해운대구,2026-01-09
초록마을 반여점,부산광역시,해운대구,"부산광역시 해운대구 반여로 131, 106호(반여동, 프레스센터상가)",부산광역시 해운대구 반여동 1632,,,000-00-00000,N,영업,000-000-0000,2017-05-16,,부산광역시 해운대구,2026-01-09
초록마을 부산마린시티점,부산광역시,해운대구,"부산광역시 해운대구 마린시티2로33, 해운대두산위브더제니스B-101호",부산광역시 해운대구 우동 1407,,,437-22-00937,N,영업,051-744-6249,2020-10-05,,부산광역시 해운대구,2026-01-09
초록마을 좌동점,부산광역시,해운대구,"부산광역시 해운대구 대천로 130, 1층",부산광역시 해운대구 좌동 425-4,,,105-86-05788,N,영업,051-704-6249,2019-08-05,,부산광역시 해운대구,2026-01-09
초록마을 해운대점,부산광역시,해운대구,"부산광역시 해운대구 좌동순환로173, 영풍프라자 102호",부산광역시 해운대구 좌동 1407-2,,,105-86-05788,N,영업,051-703-6249,2019-08-05,,부산광역시 해운대구,2026-01-09
초록마을(센텀시티점),부산광역시,해운대구,"부산광역시 해운대구 센텀중앙로 145,센텀파크1차 2상가 122호,123호",부산광역시 해운대구 재송동 1200,,,262-27-00639,N,영업,051-742-6646,2019-11-04,,부산광역시 해운대구,2026-01-09
충남상회,부산광역시,해운대구,"부산광역시 해운대구 재반로226번길 33 (반여동, 성전빌라)",부산광역시 해운대구 반여동 1291-132,,,618-02-27027,N,영업,000-000-0000,2025-04-01,,부산광역시 해운대구,2026-01-09
카페 가까운 슈퍼,부산광역시,해운대구,"부산광역시 해운대구 재반로226번길 72 (반여동, 현대일성아파트) 상가동 1층 103호",부산광역시 해운대구 반여동 1291-1446,,,369-68-00627,N,영업,000-000-0000,2023-09-19,,부산광역시 해운대구,2026-01-09
코리아세븐 부산반여재반로점,부산광역시,해운대구,부산광역시 해운대구 재반로 208 (반여동) 1층,부산광역시 해운대구 반여동 1291-789,,,673-85-02012,N,영업,000-000-0000,2022-09-23,,부산광역시 해운대구,2026-01-09
코리아세븐 부산선수촌정문점,부산광역시,해운대구,"부산광역시 해운대구 선수촌로 122 (반여동, 아시아선수촌아파트) 1층(아시아선수촌 스포츠센터)",부산광역시 해운대구 반여동 1638,,,617-85-37151,N,영업,000-000-0000,2025-01-07,,부산광역시 해운대구,2026-01-09
코리아세븐 부산아이파크마린점,부산광역시,해운대구,"부산광역시 해운대구 마린시티2로 38,I-PARK C1동 118호",부산광역시 해운대구 우동 1408,,,000-00-00000,N,영업,051-746-7213,2017-05-16,,부산광역시 해운대구,2026-01-09
코리아세븐 부산해운대엘지점,부산광역시,해운대구,"부산광역시 해운대구 대천로103번길 61 (좌동, 엘지아파트) 재분산상가동 제1층 제102호,103호",부산광역시 해운대구 좌동 1398,,,780-85-02964,N,영업,000-000-0000,2025-01-07,,부산광역시 해운대구,2026-01-09
쿨마트,부산광역시,해운대구,부산광역시 해운대구 재반로152번길 8-32,부산광역시 해운대구 재송동 1145-6,,,509-01-78720,N,영업,000-000-0000,2017-01-05,,부산광역시 해운대구,2026-01-09
큐마트,부산광역시,해운대구,부산광역시 해운대구 반여로 64 (반여동) 1층,부산광역시 해운대구 반여동 1653,,,604-04-13625,N,영업,000-000-0000,2023-09-01,,부산광역시 해운대구,2026-01-09
탑 프레쉬마트,부산광역시,해운대구,부산광역시 해운대구 해운대해변로265번길 11 (우동),부산광역시 해운대구 우동 1384,,,693-33-00718,N,영업,051-746-3669,2025-05-19,,부산광역시 해운대구,2026-01-09
탑 플러스마트,부산광역시,해운대구,"부산광역시 해운대구 윗반송로51번길 134,1층",부산광역시 해운대구 반송동 62-633,,,601-04-56436,N,영업,000-000-0000,2021-06-11,,부산광역시 해운대구,2026-01-09
탑마트(좌동),부산광역시,해운대구,"부산광역시 해운대구 좌동순환로 275 (좌동, 대우2차아파트) 지하상가",부산광역시 해운대구 좌동 1438,,,000-00-00000,N,영업,051-704-6623,2017-05-16,,부산광역시 해운대구,2026-01-09
탑세일마트,부산광역시,해운대구,부산광역시 해운대구 아랫반송로 49번길 8,부산광역시 해운대구 반송동 250-825,,,627-16-01203,N,영업,051-545-1119,2021-12-29,,부산광역시 해운대구,2026-01-09
탑세일마트,부산광역시,해운대구,부산광역시 해운대구 선수촌로 172-1,부산광역시 해운대구 반여동 882-5,,,000-00-00000,N,영업,051-521-3876,2017-05-16,,부산광역시 해운대구,2026-01-09
탑세일마트,부산광역시,해운대구,"부산광역시 해운대구 해운대로 349번길 24 208호, 삼호가든상가",부산광역시 해운대구 우동 1104-1,,,000-00-00000,N,영업,051-746-3381,2017-05-16,,부산광역시 해운대구,2026-01-09
탑플러스마트,부산광역시,해운대구,부산광역시 해운대구 해운대로 1190 (송정동) 1층,부산광역시 해운대구 송정동 100-9,,,618-24-24833,N,영업,051-702-9927,2017-05-16,,부산광역시 해운대구,2026-01-09
탑플러스마트,부산광역시,해운대구,부산광역시 해운대구 재송2로 92,부산광역시 해운대구 재송동 1184-25,,,000-00-00000,N,영업,051-783-8838,2017-05-16,,부산광역시 해운대구,2026-01-09
탑할인마트,부산광역시,해운대구,부산광역시 해운대구 삼어로 181 우신상가101호,부산광역시 해운대구 반여동 585,,,000-00-00000,N,영업,051-521-8855,2017-05-16,,부산광역시 해운대구,2026-01-09
태양마트,부산광역시,해운대구,"부산광역시 해운대구 재반로255번길 27, 영선주택 101호",부산광역시 해운대구 반여동 1612-2,,,302-17-01000,N,영업,000-000-0000,2019-11-07,,부산광역시 해운대구,2026-01-09
태양마트,부산광역시,해운대구,부산광역시 해운대구 송정중앙로 42 (송정동),부산광역시 해운대구 송정동 245-1,,,000-00-00000,N,영업,051-704-0417,2017-05-16,,부산광역시 해운대구,2026-01-09
태양슈퍼,부산광역시,해운대구,부산광역시 해운대구 재반로256번길 43-17 (반여동),부산광역시 해운대구 반여동 1590-25,,,723-26-00777,N,영업,000-000-0000,2025-02-24,,부산광역시 해운대구,2026-01-09
태양슈퍼,부산광역시,해운대구,부산광역시 해운대구 송정중앙로8번길 49-1,부산광역시 해운대구 송정동 299-9,,,000-00-00000,N,영업,051-703-7988,2017-05-16,,부산광역시 해운대구,2026-01-09
태원슈퍼,부산광역시,해운대구,부산광역시 해운대구 재반로212번길 27,부산광역시 해운대구 반여동 1291-434,,,000-00-00000,N,영업,051-783-2930,2017-05-16,,부산광역시 해운대구,2026-01-09
태원전기철물,부산광역시,해운대구,부산광역시 해운대구 달맞이길117번나길 55 한영빌라A동지하 102호,부산광역시 해운대구 중동 1493-6,,,618-01-70420,N,영업,051-742-1100,2020-09-22,,부산광역시 해운대구,2026-01-09
통일마트,부산광역시,해운대구,부산광역시 해운대구 아랫반송로21번길 58(반송동),부산광역시 해운대구 반송동 261-96,,,000-00-00000,N,영업,051-543-5500,2017-05-16,,부산광역시 해운대구,2026-01-09
트라웰 좌동점,부산광역시,해운대구,"부산광역시 해운대구 세실로 39 (좌동) 1층 B호(좌동, 새삶빌딩)",부산광역시 해운대구 좌동 1485-1,,,548-81-03885,N,영업,051-714-3881,2024-12-12,,부산광역시 해운대구,2026-01-09
트라웰 중동점,부산광역시,해운대구,부산광역시 해운대구 좌동순환로446번길 39 (중동) 1층,부산광역시 해운대구 중동 786-4,,,548-81-03885,N,영업,051-702-3792,2024-12-17,,부산광역시 해운대구,2026-01-09
트리콜마트 해운대점,부산광역시,해운대구,부산광역시 해운대구 좌동순환로 395 (중동) 3층 301~304호,부산광역시 해운대구 중동 1521-3,,,149-87-03211,N,영업,000-000-0000,2024-02-08,,부산광역시 해운대구,2026-01-09
푸드바스켓 장산역점,부산광역시,해운대구,부산광역시 해운대구 해운대로 794 (좌동) 1층 106호,부산광역시 해운대구 좌동 1473-2,,,548-81-03885,N,영업,051-702-3792,2025-01-08,,부산광역시 해운대구,2026-01-09
프레시홈마트,부산광역시,해운대구,"부산광역시 해운대구 해운대해변로197번길8, 1층",부산광역시 해운대구 우동 762-50,,,342-03-03014,N,영업,000-000-0000,2019-12-27,,부산광역시 해운대구,2026-01-09
한국마트,부산광역시,해운대구,부산광역시 해운대구 신반송로 184(반송동),부산광역시 해운대구 반송동 195-1,,,635-10-00367,N,영업,051-545-2000,2019-10-21,,부산광역시 해운대구,2026-01-09
한마음슈퍼,부산광역시,해운대구,부산광역시 해운대구 우동1로85번길 22,부산광역시 해운대구 우동 378-1,,,000-00-00000,N,영업,051-741-6760,2017-05-16,,부산광역시 해운대구,2026-01-09
한솔슈퍼,부산광역시,해운대구,부산광역시 해운대구 신반송로 29(벽산삼협한솔아파트),부산광역시 해운대구 반송동 892,,,000-00-00000,N,영업,051-543-3210,2017-05-16,,부산광역시 해운대구,2026-01-09
한아름마트,부산광역시,해운대구,부산광역시 해운대구 아랫반송로30번길 16,부산광역시 해운대구 반송동 250-28,,,000-00-00000,N,영업,051-544-3392,2017-05-16,,부산광역시 해운대구,2026-01-09
한양스토아,부산광역시,해운대구,"부산광역시 해운대구 재송1로 60번길 16, 서해재송아파트 근처",부산광역시 해운대구 재송동 1080-5,,,000-00-00000,N,영업,051-782-9400,2017-05-16,,부산광역시 해운대구,2026-01-09
해성마트,부산광역시,해운대구,부산광역시 해운대구 재반로242번길 34,부산광역시 해운대구 반여동 1291-48,,,214-20-98469,N,영업,051-541-4090,2021-03-02,,부산광역시 해운대구,2026-01-09
해운유통,부산광역시,해운대구,부산광역시 해운대구 좌동순환로468번길46,부산광역시 해운대구 중동 796-5,,,881-07-00107,N,영업,000-000-0000,2016-06-29,,부산광역시 해운대구,2026-01-09
해운할인마트,부산광역시,해운대구,부산광역시 해운대구 재반로 26,부산광역시 해운대구 재송동 514,,,000-00-00000,N,영업,051-782-0798,2017-05-16,,부산광역시 해운대구,2026-01-09
해피DC마트,부산광역시,해운대구,부산광역시 해운대구 우동1로 70,부산광역시 해운대구 우동 395-18,,,000-00-00000,N,영업,051-741-8058,2017-05-16,,부산광역시 해운대구,2026-01-09
혜천슈퍼,부산광역시,해운대구,부산광역시 해운대구 아랫반송로90번길 3 (반송동),부산광역시 해운대구 반송동 250-2291,,,000-00-00000,N,영업,051-542-3114,2017-05-16,,부산광역시 해운대구,2026-01-09
홀마트,부산광역시,해운대구,"부산광역시 해운대구 재반로 223-1, 1층(반여2동)",부산광역시 해운대구 반여동 1291-534 농협,,,621-07-95133,N,영업,051-784-1233,2020-10-29,,부산광역시 해운대구,2026-01-09
홈플러스(주) 부산반여점,부산광역시,해운대구,부산광역시 해운대구 선수촌로21번길 37 (반여동),부산광역시 해운대구 반여동 1406-1,,,220-81-60348,N,영업,000-000-0000,2021-02-08,,부산광역시 해운대구,2026-01-09
홈플러스(주) 센텀시티점,부산광역시,해운대구,부산광역시 해운대구 센텀동로 6 (우동),부산광역시 해운대구 우동 1499,,,220-81-60348,N,영업,000-000-0000,2017-05-16,,부산광역시 해운대구,2026-01-09
홈플러스익스프레스 부산센텀점,부산광역시,해운대구,"부산광역시 해운대구 센텀중앙로 145 (재송동, 더샵센텀파크1차아파트) 101호",부산광역시 해운대구 재송동 1200,,,220-81-60348,N,영업,000-000-0000,2021-02-05,,부산광역시 해운대구,2026-01-09
홈플러스익스프레스 부산좌산점,부산광역시,해운대구,부산광역시 해운대구 좌동순환로 303 (좌동),부산광역시 해운대구 좌동 1443-3,,,220-81-60348,N,영업,000-000-0000,2021-02-05,,부산광역시 해운대구,2026-01-09
홈플러스익스프레스 좌동2점,부산광역시,해운대구,부산광역시 해운대구 세실로 33 (좌동) 좌동메디컬센타,부산광역시 해운대구 좌동 1485-5,,,220-81-60348,N,영업,000-000-0000,2021-02-05,,부산광역시 해운대구,2026-01-09
홈플러스익스프레스 좌동점,부산광역시,해운대구,부산광역시 해운대구 좌동순환로 78 (좌동),부산광역시 해운대구 좌동 1270-2,,,220-81-60348,N,영업,051-747-8364,2017-11-10,,부산광역시 해운대구,2026-01-09
후레쉬원마트,부산광역시,해운대구,"부산광역시 해운대구 아랫반송로29번길 25, 1층",부산광역시 해운대구 반송동 257-420,,,664-02-01199,N,영업,051-545-2255,2018-01-16,,부산광역시 해운대구,2026-01-09
